{"type":"FeatureCollection","features":[{"type":"Feature","id":"YEM","properties":{"name":"Yemen"},"geometry":{"type":"MultiPolygon","coordinates":[[[[53.09,16.65],[52.58,16.47],[52.33,16.29],[52.24,16.17],[52.17,15.96],[52.22,15.66],[51.6,15.34],[51.02,15.14],[50.53,15.04],[50.17,14.85],[49.91,14.83],[49.35,14.64],[49.05,14.46],[48.93,14.27],[48.67,14.05],[48.28,14.0],[47.99,14.05],[47.63,13.86],[47.41,13.66],[46.79,13.47],[46.5,13.42],[45.92,13.39],[45.66,13.34],[45.39,13.07],[45.16,13.0],[45.04,12.82],[44.76,12.76],[44.62,12.82],[44.36,12.67],[44.01,12.61],[43.63,12.74],[43.49,12.7],[43.48,12.84],[43.23,13.27],[43.28,13.69],[43.23,13.86],[43.09,14.01],[43.09,14.2],[42.92,14.82],[42.94,14.94],[42.86,15.13],[42.66,15.23],[42.7,15.33],[42.79,15.27],[42.8,15.33],[42.72,15.65],[42.84,16.03],[42.8,16.37],[43.17,16.69],[43.18,16.81],[43.12,16.94],[43.16,17.21],[43.24,17.27],[43.19,17.36],[43.35,17.49],[43.42,17.52],[43.54,17.5],[43.71,17.37],[43.92,17.32],[44.16,17.4],[45.15,17.43],[45.54,17.3],[46.31,17.23],[46.73,17.27],[46.98,16.95],[47.14,16.95],[47.44,17.11],[47.58,17.45],[48.17,18.16],[49.04,18.58],[49.19,18.62],[51.98,19.0],[52.73,17.3],[52.8,17.27],[53.09,16.65]]],[[[42.59,15.3],[42.56,15.28],[42.55,15.32],[42.6,15.43],[42.62,15.37],[42.59,15.3]]],[[[42.76,13.7],[42.69,13.67],[42.73,13.75],[42.79,13.77],[42.76,13.7]]],[[[42.79,13.97],[42.76,13.95],[42.69,14.01],[42.76,14.07],[42.79,13.97]]],[[[53.76,12.64],[54.19,12.66],[54.51,12.55],[54.13,12.36],[53.72,12.32],[53.6,12.34],[53.32,12.53],[53.43,12.66],[53.53,12.72],[53.64,12.71],[53.76,12.64]]]]}},{"type":"Feature","id":"UZB","properties":{"name":"Uzbekistan"},"geometry":{"type":"MultiPolygon","coordinates":[[[[70.95,42.25],[71.04,42.28],[71.21,42.21],[71.23,42.16],[70.86,42.03],[70.8,41.92],[70.63,41.88],[70.45,41.73],[70.18,41.57],[70.2,41.51],[70.47,41.41],[70.69,41.45],[70.78,41.26],[70.86,41.22],[71.39,41.12],[71.42,41.34],[71.5,41.31],[71.59,41.33],[71.6,41.5],[71.66,41.54],[71.7,41.45],[71.79,41.41],[71.86,41.31],[71.88,41.2],[72.16,41.17],[72.19,41.03],[72.36,41.04],[72.66,40.87],[72.99,40.86],[73.14,40.81],[72.77,40.65],[72.6,40.53],[72.4,40.58],[72.37,40.52],[72.41,40.46],[72.36,40.4],[72.23,40.45],[72.13,40.44],[71.96,40.26],[71.69,40.15],[71.63,40.22],[71.52,40.21],[71.3,40.29],[70.6,40.21],[70.53,40.32],[70.37,40.38],[70.38,40.44],[70.71,40.67],[70.75,40.74],[70.64,40.78],[70.66,40.84],[70.4,41.04],[70.29,40.89],[69.71,40.66],[69.41,40.8],[69.31,40.72],[69.31,40.63],[69.21,40.57],[69.3,40.33],[69.22,40.29],[69.27,40.2],[68.95,40.22],[68.63,40.17],[68.64,40.13],[68.93,40.14],[68.97,40.09],[68.8,40.05],[68.79,40.01],[68.87,39.91],[68.78,39.9],[68.74,39.84],[68.64,39.84],[68.59,39.63],[68.51,39.56],[68.4,39.53],[67.72,39.62],[67.54,39.56],[67.43,39.47],[67.36,39.22],[67.65,39.13],[67.69,38.99],[68.04,38.98],[68.13,38.93],[68.15,38.89],[68.05,38.67],[68.09,38.47],[68.35,38.21],[68.29,38.03],[67.81,37.49],[67.8,37.24],[67.76,37.17],[67.7,37.23],[67.52,37.27],[67.32,37.21],[67.2,37.24],[67.07,37.33],[66.83,37.37],[66.52,37.35],[66.53,37.79],[66.63,37.93],[66.57,38.01],[66.39,38.05],[65.97,38.24],[65.86,38.27],[65.73,38.23],[65.61,38.24],[64.62,38.76],[64.31,38.98],[64.16,38.95],[63.76,39.16],[63.51,39.38],[62.48,39.98],[62.38,40.33],[62.1,40.68],[61.9,41.09],[61.64,41.24],[61.5,41.28],[61.24,41.19],[60.87,41.25],[60.45,41.22],[60.09,41.4],[60.07,41.48],[60.14,41.59],[60.08,41.76],[60.2,41.8],[60.11,41.91],[59.94,41.97],[59.99,42.21],[59.86,42.3],[59.35,42.32],[59.28,42.36],[59.16,42.51],[58.88,42.56],[58.59,42.78],[58.53,42.68],[58.48,42.66],[58.26,42.69],[58.15,42.63],[58.42,42.41],[58.47,42.3],[58.4,42.29],[58.28,42.43],[58.03,42.49],[57.95,42.42],[57.81,42.19],[57.29,42.12],[56.96,41.86],[57.02,41.45],[57.12,41.35],[57.02,41.26],[55.98,41.32],[55.98,44.99],[58.56,45.56],[61.01,44.39],[61.16,44.17],[61.99,43.49],[63.21,43.63],[64.44,43.55],[64.91,43.71],[65.27,43.42],[65.5,43.31],[65.8,42.88],[66.1,42.99],[66.01,42.0],[66.5,41.99],[66.6,41.49],[66.71,41.18],[66.81,41.14],[67.81,41.16],[67.94,41.2],[68.11,41.03],[68.05,40.81],[68.16,40.72],[68.42,40.62],[68.57,40.62],[68.6,40.66],[68.56,40.77],[68.58,40.88],[68.74,41.04],[68.99,41.21],[69.04,41.26],[69.06,41.37],[69.15,41.43],[69.37,41.49],[69.4,41.54],[69.66,41.67],[70.1,41.82],[70.42,42.08],[70.58,42.04],[70.72,42.17],[70.95,42.25]],[[70.65,40.94],[70.62,41.0],[70.55,41.01],[70.65,40.94]]]]}},{"type":"Feature","id":"JEY","properties":{"name":"Jersey"},"geometry":{"type":"MultiPolygon","coordinates":[[[[-2.02,49.23],[-2.01,49.18],[-2.24,49.18],[-2.22,49.27],[-2.02,49.23]]]]}},{"type":"Feature","id":"GGY","properties":{"name":"Guernsey"},"geometry":{"type":"MultiPolygon","coordinates":[[[[-2.51,49.49],[-2.55,49.43],[-2.65,49.47],[-2.51,49.49]]]]}},{"type":"Feature","id":"IMN","properties":{"name":"Isle of Man"},"geometry":{"type":"MultiPolygon","coordinates":[[[[-4.41,54.19],[-4.61,54.06],[-4.79,54.07],[-4.7,54.22],[-4.42,54.41],[-4.38,54.39],[-4.34,54.27],[-4.41,54.19]]]]}},{"type":"Feature","id":"GBR","properties":{"name":"United Kingdom"},"geometry":{"type":"MultiPolygon","coordinates":[[[[-2.67,51.62],[-2.98,51.54],[-3.29,51.39],[-3.56,51.41],[-3.89,51.59],[-4.23,51.57],[-4.09,51.66],[-4.28,51.68],[-4.39,51.74],[-4.6,51.74],[-4.9,51.63],[-5.12,51.71],[-5.2,51.86],[-5.26,51.88],[-5.09,52.0],[-4.38,52.2],[-4.15,52.33],[-3.98,52.54],[-4.08,52.61],[-4.04,52.7],[-4.12,52.82],[-4.1,52.92],[-4.36,52.9],[-4.68,52.81],[-4.64,52.89],[-4.41,53.01],[-4.27,53.14],[-3.76,53.31],[-3.33,53.35],[-3.1,53.26],[-3.17,53.39],[-3.06,53.43],[-2.92,53.31],[-2.75,53.31],[-2.91,53.35],[-3.06,53.51],[-3.06,53.59],[-2.93,53.73],[-3.03,53.77],[-3.05,53.84],[-3.03,53.91],[-2.9,53.96],[-2.85,54.14],[-2.87,54.18],[-3.17,54.13],[-3.57,54.47],[-3.59,54.56],[-3.46,54.77],[-3.27,54.91],[-3.04,54.95],[-3.55,54.95],[-3.96,54.78],[-4.13,54.78],[-4.25,54.85],[-4.52,54.76],[-4.82,54.85],[-4.91,54.69],[-5.14,54.86],[-5.17,54.99],[-5.12,55.01],[-5.06,54.99],[-4.68,55.5],[-4.72,55.6],[-4.89,55.7],[-4.87,55.87],[-4.83,55.93],[-4.58,55.94],[-4.84,56.05],[-4.8,56.16],[-4.93,56.03],[-5.09,55.99],[-5.21,55.89],[-5.25,55.93],[-5.22,56.07],[-5.0,56.23],[-5.38,56.02],[-5.42,55.98],[-5.39,55.77],[-5.56,55.39],[-5.65,55.33],[-5.77,55.36],[-5.68,55.62],[-5.5,55.8],[-5.62,55.81],[-5.61,56.06],[-5.53,56.25],[-5.39,56.51],[-5.19,56.76],[-5.65,56.53],[-5.86,56.56],[-5.94,56.61],[-5.97,56.69],[-6.13,56.72],[-5.73,56.85],[-5.86,56.9],[-5.74,56.96],[-5.59,57.1],[-5.56,57.23],[-5.66,57.33],[-5.79,57.38],[-5.8,57.47],[-5.58,57.55],[-5.68,57.57],[-5.74,57.67],[-5.61,57.88],[-5.16,57.88],[-5.41,58.07],[-5.35,58.14],[-5.34,58.24],[-5.01,58.26],[-5.09,58.38],[-5.07,58.52],[-5.02,58.57],[-4.81,58.57],[-4.72,58.51],[-4.49,58.57],[-4.43,58.51],[-3.26,58.65],[-3.05,58.63],[-3.11,58.41],[-3.21,58.32],[-3.99,57.96],[-4.04,57.85],[-3.86,57.82],[-4.08,57.68],[-4.13,57.58],[-3.29,57.71],[-3.04,57.67],[-2.07,57.7],[-1.87,57.61],[-1.78,57.47],[-2.02,57.26],[-2.26,56.86],[-2.5,56.64],[-2.68,56.51],[-3.31,56.36],[-2.89,56.4],[-2.65,56.32],[-2.67,56.25],[-2.77,56.2],[-2.98,56.19],[-3.18,56.08],[-3.36,56.03],[-3.79,56.1],[-3.61,56.02],[-3.05,55.95],[-2.84,56.03],[-2.6,56.03],[-2.15,55.9],[-1.66,55.57],[-1.42,55.03],[-1.23,54.7],[-0.67,54.5],[-0.08,54.12],[-0.21,54.02],[0.12,53.61],[-0.07,53.64],[-0.27,53.74],[-0.66,53.72],[-0.29,53.69],[0.13,53.47],[0.27,53.34],[0.36,53.16],[0.05,52.91],[0.28,52.81],[0.38,52.83],[0.56,52.97],[1.06,52.96],[1.38,52.89],[1.66,52.75],[1.72,52.68],[1.75,52.47],[1.56,52.09],[1.32,51.96],[1.23,51.97],[1.27,51.85],[1.19,51.8],[0.96,51.81],[0.75,51.73],[0.9,51.69],[0.93,51.65],[0.89,51.57],[0.42,51.47],[0.53,51.48],[0.69,51.39],[0.89,51.36],[1.41,51.36],[1.4,51.18],[1.04,51.05],[0.96,50.93],[0.77,50.93],[0.21,50.76],[-0.2,50.81],[-0.79,50.77],[-1.42,50.9],[-1.33,50.82],[-1.52,50.75],[-2.03,50.73],[-1.96,50.63],[-2.04,50.6],[-2.35,50.64],[-2.43,50.6],[-2.78,50.71],[-3.0,50.72],[-3.4,50.63],[-3.49,50.55],[-3.58,50.32],[-3.68,50.24],[-3.79,50.23],[-4.19,50.39],[-4.73,50.29],[-5.01,50.16],[-5.12,50.04],[-5.23,50.02],[-5.43,50.1],[-5.62,50.05],[-5.66,50.13],[-5.57,50.2],[-5.34,50.25],[-5.0,50.5],[-4.89,50.53],[-4.58,50.78],[-4.52,50.98],[-4.3,51.03],[-4.19,51.19],[-3.84,51.23],[-3.14,51.21],[-2.43,51.74],[-2.67,51.62]]],[[[-4.2,53.32],[-4.05,53.31],[-4.08,53.26],[-4.37,53.13],[-4.55,53.26],[-4.57,53.39],[-4.32,53.42],[-4.2,53.32]]],[[[-2.55,59.23],[-2.66,59.23],[-2.6,59.29],[-2.41,59.3],[-2.55,59.23]]],[[[-1.04,60.51],[-1.17,60.6],[-1.09,60.72],[-0.99,60.69],[-1.05,60.65],[-1.04,60.51]]],[[[-1.31,60.54],[-1.29,60.47],[-1.24,60.49],[-1.16,60.42],[-1.05,60.44],[-1.2,60.01],[-1.3,59.88],[-1.36,59.91],[-1.29,60.15],[-1.32,60.19],[-1.48,60.17],[-1.5,60.22],[-1.64,60.24],[-1.66,60.28],[-1.37,60.33],[-1.45,60.47],[-1.57,60.49],[-1.36,60.61],[-1.3,60.61],[-1.31,60.54]]],[[[-0.77,60.81],[-0.83,60.68],[-0.92,60.7],[-0.92,60.81],[-0.77,60.81]]],[[[-3.16,58.79],[-3.28,58.78],[-3.37,58.84],[-3.39,58.91],[-3.27,58.91],[-3.16,58.79]]],[[[-2.93,58.74],[-3.04,58.82],[-2.9,58.83],[-2.93,58.74]]],[[[-3.06,59.03],[-3.07,59.0],[-2.76,58.96],[-2.86,58.89],[-2.99,58.94],[-3.2,58.93],[-3.24,59.0],[-3.35,58.99],[-3.31,59.13],[-3.05,59.1],[-3.02,59.06],[-3.06,59.03]]],[[[-2.73,59.19],[-2.82,59.16],[-2.86,59.25],[-3.05,59.32],[-2.98,59.35],[-2.73,59.23],[-2.73,59.19]]],[[[-6.61,56.59],[-6.67,56.59],[-6.57,56.66],[-6.48,56.67],[-6.61,56.59]]],[[[-5.11,55.45],[-5.33,55.48],[-5.39,55.62],[-5.37,55.67],[-5.32,55.71],[-5.19,55.69],[-5.1,55.57],[-5.11,55.45]]],[[[-5.78,56.34],[-6.31,56.29],[-6.3,56.34],[-6.18,56.36],[-6.14,56.49],[-6.32,56.57],[-6.29,56.61],[-6.1,56.65],[-5.95,56.53],[-5.76,56.49],[-5.78,56.34]]],[[[-6.13,55.93],[-6.06,55.72],[-6.09,55.66],[-6.31,55.61],[-6.27,55.67],[-6.3,55.78],[-6.49,55.7],[-6.41,55.85],[-6.13,55.93]]],[[[-5.97,55.81],[-6.04,55.81],[-6.07,55.89],[-5.91,55.97],[-5.97,55.99],[-5.94,56.05],[-5.73,56.12],[-5.97,55.81]]],[[[-6.2,58.36],[-6.33,58.19],[-6.55,58.09],[-6.4,58.08],[-6.43,58.02],[-6.96,57.75],[-7.08,57.81],[-6.86,57.92],[-7.06,58.0],[-6.99,58.05],[-7.09,58.1],[-7.09,58.18],[-7.03,58.22],[-6.73,58.19],[-6.78,58.3],[-6.24,58.5],[-6.2,58.36]]],[[[-6.28,56.96],[-6.35,56.95],[-6.43,57.02],[-6.32,57.05],[-6.26,57.01],[-6.28,56.96]]],[[[-6.14,57.5],[-6.14,57.31],[-5.67,57.25],[-5.7,57.2],[-5.95,57.05],[-6.01,57.05],[-6.03,57.2],[-6.32,57.2],[-6.44,57.33],[-6.68,57.36],[-6.76,57.44],[-6.7,57.5],[-6.58,57.51],[-6.62,57.56],[-6.38,57.6],[-6.36,57.67],[-6.25,57.65],[-6.17,57.59],[-6.14,57.5]]],[[[-7.21,57.68],[-7.09,57.63],[-7.18,57.53],[-7.32,57.53],[-7.51,57.6],[-7.47,57.65],[-7.21,57.68]]],[[[-7.25,57.12],[-7.38,57.13],[-7.42,57.23],[-7.41,57.38],[-7.27,57.37],[-7.25,57.12]]],[[[-7.42,56.97],[-7.54,56.97],[-7.46,57.02],[-7.41,57.0],[-7.42,56.97]]],[[[-6.22,54.09],[-6.65,54.06],[-6.65,54.16],[-6.8,54.21],[-6.88,54.33],[-7.01,54.41],[-7.2,54.3],[-7.16,54.24],[-7.32,54.13],[-7.61,54.14],[-7.85,54.22],[-7.88,54.28],[-8.14,54.45],[-7.75,54.59],[-7.91,54.7],[-7.55,54.77],[-7.38,55.03],[-7.22,55.09],[-7.1,55.05],[-6.95,55.18],[-6.48,55.24],[-6.13,55.22],[-5.87,54.92],[-5.72,54.82],[-5.71,54.76],[-5.88,54.68],[-5.88,54.64],[-5.58,54.66],[-5.47,54.5],[-5.48,54.44],[-5.67,54.55],[-5.66,54.38],[-5.56,54.37],[-5.61,54.27],[-5.83,54.24],[-5.94,54.09],[-6.02,54.05],[-6.22,54.09]]],[[[-1.07,50.69],[-1.25,50.59],[-1.56,50.67],[-1.31,50.77],[-1.07,50.69]]]]}},{"type":"Feature","id":"ARE","properties":{"name":"United Arab Emirates"},"geometry":{"type":"MultiPolygon","coordinates":[[[[56.3,25.65],[56.36,25.57],[56.39,24.98],[56.06,24.74],[55.97,24.86],[56.02,24.91],[56.0,24.95],[55.92,24.97],[55.8,24.87],[55.8,24.64],[55.77,24.49],[55.81,24.35],[55.76,24.24],[55.93,24.22],[55.99,24.06],[55.55,23.99],[55.47,23.94],[55.53,23.82],[55.51,23.72],[55.2,23.03],[55.19,22.7],[55.12,22.62],[52.56,22.93],[51.57,24.13],[51.57,24.29],[51.61,24.34],[51.66,24.25],[51.77,24.25],[51.79,24.07],[51.91,23.99],[52.25,24.0],[52.65,24.15],[53.89,24.08],[54.4,24.28],[54.75,24.81],[55.1,25.04],[55.52,25.5],[55.94,25.79],[56.08,26.06],[56.17,26.05],[56.14,25.69],[56.25,25.63],[56.3,25.65]],[[56.28,25.24],[56.28,25.3],[56.23,25.3],[56.21,25.21],[56.28,25.24]]],[[[53.33,24.26],[53.19,24.29],[53.41,24.41],[53.45,24.37],[53.33,24.26]]],[[[52.62,24.29],[52.58,24.35],[52.63,24.38],[52.66,24.33],[52.62,24.29]]],[[[53.93,24.18],[53.93,24.14],[53.8,24.14],[53.63,24.17],[53.83,24.26],[53.93,24.18]]],[[[54.47,24.44],[54.43,24.43],[54.33,24.47],[54.4,24.51],[54.47,24.44]]]]}},{"type":"Feature","id":"UKR","properties":{"name":"Ukraine"},"geometry":{"type":"MultiPolygon","coordinates":[[[[38.21,47.09],[37.54,47.07],[37.34,46.92],[37.05,46.88],[36.79,46.71],[36.69,46.76],[36.56,46.76],[36.28,46.66],[36.02,46.67],[35.83,46.62],[35.4,46.38],[35.26,46.2],[35.06,46.1],[35.01,46.11],[35.28,46.28],[35.29,46.37],[35.23,46.44],[35.06,46.27],[34.85,46.19],[34.86,45.99],[35.0,45.73],[34.95,45.73],[34.8,45.79],[34.79,45.89],[34.69,45.98],[34.45,45.97],[34.35,46.06],[34.03,46.11],[33.81,46.21],[33.66,46.22],[33.65,46.15],[33.59,46.1],[33.43,46.06],[33.2,46.18],[32.48,46.08],[32.04,46.26],[31.83,46.28],[31.78,46.32],[31.99,46.36],[32.01,46.43],[31.71,46.47],[31.55,46.55],[32.36,46.47],[32.58,46.62],[32.35,46.56],[32.04,46.64],[31.94,46.78],[31.94,46.98],[31.84,47.16],[31.76,47.21],[31.91,46.93],[31.87,46.65],[31.53,46.66],[31.56,46.78],[31.4,46.63],[31.14,46.62],[30.8,46.55],[30.66,46.27],[30.22,45.87],[29.82,45.73],[29.69,45.75],[29.63,45.72],[29.6,45.6],[29.67,45.54],[29.73,45.34],[29.71,45.26],[29.57,45.37],[29.4,45.42],[29.22,45.4],[28.89,45.29],[28.78,45.31],[28.76,45.23],[28.45,45.29],[28.32,45.35],[28.21,45.45],[28.5,45.52],[28.49,45.67],[28.73,45.85],[28.74,45.94],[28.95,46.05],[29.01,46.18],[28.93,46.36],[28.96,46.46],[29.19,46.52],[29.2,46.38],[29.3,46.47],[29.61,46.4],[29.71,46.45],[29.84,46.35],[30.08,46.38],[30.13,46.42],[29.92,46.54],[29.94,46.72],[29.88,46.83],[29.57,46.96],[29.51,47.13],[29.54,47.27],[29.13,47.49],[29.21,47.77],[29.19,47.88],[29.13,47.96],[28.92,47.95],[28.77,48.12],[28.53,48.15],[28.46,48.09],[28.42,48.15],[28.34,48.14],[28.35,48.21],[28.29,48.24],[28.09,48.26],[28.04,48.32],[27.82,48.42],[27.55,48.48],[27.23,48.37],[26.85,48.39],[26.62,48.26],[26.31,48.2],[26.28,48.11],[26.16,47.99],[25.46,47.91],[25.17,47.82],[25.07,47.75],[24.89,47.72],[24.58,47.93],[24.48,47.95],[24.18,47.91],[23.67,47.99],[23.41,47.99],[23.14,48.09],[23.05,48.01],[22.88,47.95],[22.86,48.03],[22.77,48.11],[22.58,48.13],[22.52,48.21],[22.35,48.26],[22.25,48.41],[22.13,48.41],[22.14,48.57],[22.3,48.69],[22.54,49.07],[22.84,49.04],[22.85,49.08],[22.71,49.17],[22.73,49.3],[22.65,49.54],[22.71,49.61],[23.04,49.9],[23.71,50.38],[23.97,50.41],[24.09,50.53],[24.09,50.62],[23.98,50.79],[24.11,50.84],[24.1,50.87],[23.99,50.94],[23.86,51.13],[23.66,51.31],[23.68,51.39],[23.61,51.52],[23.61,51.61],[23.79,51.64],[23.98,51.59],[24.28,51.77],[24.36,51.87],[25.27,51.94],[25.93,51.91],[26.77,51.77],[27.14,51.75],[27.3,51.6],[27.69,51.57],[27.7,51.48],[27.86,51.59],[28.01,51.56],[28.18,51.61],[28.6,51.54],[28.65,51.46],[28.73,51.43],[28.85,51.54],[29.1,51.63],[29.35,51.38],[29.55,51.43],[30.16,51.48],[30.31,51.4],[30.33,51.33],[30.54,51.27],[30.63,51.36],[30.53,51.6],[30.58,51.69],[30.76,51.9],[30.98,52.05],[31.57,52.11],[32.12,52.05],[32.28,52.11],[32.36,52.27],[32.44,52.31],[32.81,52.25],[33.15,52.34],[33.74,52.34],[33.92,52.25],[34.11,51.98],[34.4,51.78],[34.38,51.72],[34.12,51.68],[34.2,51.55],[34.23,51.36],[34.27,51.34],[34.21,51.26],[34.49,51.24],[34.71,51.17],[35.06,51.2],[35.16,51.06],[35.31,51.04],[35.31,50.95],[35.44,50.73],[35.39,50.61],[35.41,50.54],[35.59,50.37],[35.67,50.35],[35.89,50.44],[36.12,50.41],[36.31,50.28],[36.5,50.28],[36.62,50.21],[36.76,50.29],[37.42,50.41],[37.58,50.29],[37.7,50.11],[38.05,49.92],[38.15,49.94],[38.18,50.03],[38.26,50.05],[38.45,49.96],[38.65,49.95],[38.92,49.82],[39.17,49.86],[39.3,49.74],[39.46,49.73],[39.78,49.57],[40.08,49.58],[40.06,49.43],[40.13,49.37],[40.11,49.25],[39.89,49.06],[39.69,49.01],[39.75,48.91],[40.0,48.82],[39.79,48.81],[39.7,48.74],[39.64,48.59],[39.84,48.54],[39.89,48.36],[39.85,48.3],[39.96,48.27],[39.78,47.96],[39.78,47.89],[39.66,47.84],[38.9,47.86],[38.82,47.84],[38.64,47.67],[38.37,47.61],[38.29,47.56],[38.2,47.32],[38.28,47.28],[38.2,47.18],[38.21,47.09]]],[[[32.01,46.2],[32.15,46.15],[32.01,46.17],[31.56,46.26],[31.51,46.37],[31.64,46.27],[32.01,46.2]]]]}},{"type":"Feature","id":"TKM","properties":{"name":"Turkmenistan"},"geometry":{"type":"MultiPolygon","coordinates":[[[[53.11,38.8],[53.1,38.76],[53.05,38.9],[53.02,39.05],[53.05,39.1],[53.09,39.09],[53.06,39.04],[53.11,38.8]]],[[[55.98,41.32],[57.02,41.26],[57.12,41.35],[57.02,41.45],[56.96,41.86],[57.29,42.12],[57.81,42.19],[57.95,42.42],[58.03,42.49],[58.28,42.43],[58.4,42.29],[58.47,42.3],[58.42,42.41],[58.15,42.63],[58.26,42.69],[58.48,42.66],[58.53,42.68],[58.59,42.78],[58.88,42.56],[59.16,42.51],[59.28,42.36],[59.35,42.32],[59.86,42.3],[59.99,42.21],[59.94,41.97],[60.11,41.91],[60.2,41.8],[60.08,41.76],[60.14,41.59],[60.07,41.48],[60.09,41.4],[60.45,41.22],[60.87,41.25],[61.24,41.19],[61.5,41.28],[61.64,41.24],[61.9,41.09],[62.1,40.68],[62.38,40.33],[62.48,39.98],[63.51,39.38],[63.76,39.16],[64.16,38.95],[64.31,38.98],[64.62,38.76],[65.61,38.24],[65.73,38.23],[65.86,38.27],[65.97,38.24],[66.39,38.05],[66.57,38.01],[66.63,37.93],[66.53,37.79],[66.52,37.35],[66.11,37.41],[65.77,37.57],[65.64,37.47],[65.55,37.25],[65.09,37.24],[64.82,37.13],[64.51,36.34],[64.36,36.23],[64.09,36.11],[64.01,36.01],[63.86,36.01],[63.3,35.86],[63.13,35.85],[63.11,35.82],[63.17,35.68],[63.08,35.57],[63.06,35.45],[62.69,35.26],[62.46,35.25],[62.31,35.17],[62.21,35.29],[61.98,35.44],[61.62,35.43],[61.34,35.63],[61.26,35.62],[61.25,35.87],[61.15,35.98],[61.21,36.19],[61.18,36.29],[61.17,36.57],[61.12,36.64],[60.34,36.64],[60.06,36.96],[59.45,37.25],[59.37,37.33],[59.3,37.51],[58.82,37.68],[58.65,37.65],[58.55,37.69],[58.39,37.64],[58.26,37.67],[57.98,37.83],[57.35,37.97],[57.31,38.13],[57.19,38.22],[56.44,38.25],[56.32,38.19],[56.27,38.08],[55.58,38.1],[55.38,38.05],[54.9,37.78],[54.7,37.47],[54.19,37.33],[53.91,37.34],[53.82,37.93],[53.87,38.95],[53.72,39.1],[53.7,39.21],[53.34,39.34],[53.2,39.32],[53.16,39.26],[53.12,39.43],[53.24,39.61],[53.39,39.54],[53.6,39.55],[53.58,39.61],[53.47,39.67],[53.45,39.75],[53.49,39.91],[53.4,39.96],[52.99,39.99],[52.95,39.9],[53.04,39.77],[52.8,40.05],[52.74,40.22],[52.73,40.4],[52.94,41.04],[53.15,40.82],[53.33,40.78],[53.62,40.82],[53.76,40.67],[53.87,40.65],[54.19,40.72],[54.38,40.69],[54.32,40.83],[54.37,40.87],[54.55,40.83],[54.69,40.87],[54.72,40.95],[54.7,41.07],[54.59,41.19],[54.28,41.36],[54.09,41.52],[53.85,42.09],[53.8,42.12],[53.62,42.14],[53.16,42.09],[52.97,41.98],[52.81,41.71],[52.88,41.65],[52.83,41.34],[52.85,41.2],[52.61,41.53],[52.49,41.78],[52.87,42.06],[53.06,42.15],[53.69,42.3],[54.12,42.34],[54.85,41.97],[55.25,41.46],[55.43,41.3],[55.55,41.26],[55.98,41.32]]]]}},{"type":"Feature","id":"TUR","properties":{"name":"Turkey"},"geometry":{"type":"MultiPolygon","coordinates":[[[[25.97,40.14],[25.74,40.11],[25.67,40.14],[25.74,40.2],[25.92,40.24],[25.98,40.18],[25.97,40.14]]],[[[41.51,41.52],[41.82,41.43],[41.93,41.5],[42.47,41.44],[42.61,41.58],[42.79,41.56],[42.82,41.49],[43.17,41.29],[43.14,41.26],[43.21,41.2],[43.43,41.16],[43.46,41.06],[43.63,40.93],[43.72,40.72],[43.67,40.57],[43.57,40.48],[43.71,40.17],[43.67,40.13],[43.94,40.02],[44.29,40.04],[44.4,40.0],[44.82,39.65],[44.59,39.77],[44.46,39.67],[44.39,39.42],[44.02,39.38],[44.08,39.22],[44.18,39.14],[44.14,38.99],[44.17,38.93],[44.27,38.84],[44.3,38.39],[44.45,38.33],[44.21,37.91],[44.56,37.74],[44.59,37.71],[44.55,37.66],[44.57,37.44],[44.8,37.27],[44.77,37.14],[44.61,37.18],[44.28,36.98],[44.2,37.05],[44.19,37.25],[44.11,37.3],[44.01,37.31],[43.84,37.22],[43.68,37.23],[43.09,37.37],[42.94,37.32],[42.77,37.37],[42.46,37.13],[42.36,37.11],[42.31,37.23],[42.2,37.3],[42.06,37.21],[41.52,37.09],[40.71,37.1],[40.02,36.83],[39.36,36.68],[38.77,36.69],[38.44,36.86],[38.19,36.9],[37.44,36.64],[37.07,36.65],[36.94,36.76],[36.66,36.8],[36.54,36.46],[36.64,36.23],[36.38,36.17],[36.35,36.0],[36.2,35.94],[36.13,35.83],[35.89,35.92],[35.96,36.0],[35.81,36.31],[36.19,36.66],[36.18,36.81],[36.05,36.91],[35.66,36.72],[35.54,36.6],[35.39,36.58],[34.7,36.82],[34.3,36.6],[33.95,36.3],[33.69,36.18],[32.93,36.1],[32.79,36.04],[32.53,36.1],[32.38,36.18],[32.02,36.54],[31.35,36.8],[30.64,36.87],[30.58,36.8],[30.56,36.53],[30.45,36.27],[30.39,36.24],[30.23,36.31],[29.69,36.16],[29.22,36.32],[29.14,36.4],[29.04,36.69],[28.97,36.72],[28.82,36.68],[28.48,36.8],[28.3,36.81],[28.2,36.69],[28.02,36.63],[28.08,36.75],[27.8,36.74],[27.66,36.67],[27.45,36.71],[27.47,36.75],[27.63,36.79],[28.01,36.83],[28.24,37.03],[27.35,37.02],[27.26,36.98],[27.25,37.08],[27.3,37.13],[27.54,37.16],[27.52,37.25],[27.22,37.39],[27.15,37.6],[27.07,37.66],[27.22,37.73],[27.25,37.88],[27.23,37.98],[26.88,38.05],[26.81,38.14],[26.68,38.2],[26.58,38.15],[26.29,38.28],[26.34,38.37],[26.42,38.37],[26.38,38.62],[26.44,38.64],[26.51,38.63],[26.59,38.56],[26.6,38.42],[26.67,38.34],[26.73,38.42],[26.86,38.37],[27.14,38.45],[26.97,38.45],[26.91,38.48],[26.76,38.71],[26.91,38.78],[27.01,38.89],[26.81,38.96],[26.85,39.12],[26.68,39.29],[26.91,39.52],[26.9,39.55],[26.11,39.47],[26.18,39.99],[26.31,40.02],[26.74,40.4],[27.01,40.4],[27.12,40.45],[27.28,40.46],[27.33,40.38],[27.48,40.32],[27.73,40.33],[27.85,40.38],[27.73,40.48],[27.87,40.51],[27.99,40.49],[27.93,40.38],[27.96,40.37],[28.29,40.4],[29.01,40.39],[29.06,40.42],[28.79,40.53],[28.96,40.63],[29.85,40.76],[29.36,40.81],[29.11,40.94],[29.05,41.01],[29.09,41.18],[29.15,41.22],[29.92,41.15],[30.34,41.2],[30.81,41.08],[31.25,41.11],[31.35,41.16],[31.46,41.32],[32.09,41.59],[32.31,41.73],[33.28,42.0],[34.75,41.96],[35.01,42.06],[35.15,42.03],[35.12,41.89],[35.3,41.73],[35.56,41.63],[35.92,41.71],[36.05,41.68],[36.18,41.43],[36.41,41.27],[36.51,41.26],[36.65,41.35],[36.78,41.36],[36.99,41.28],[37.07,41.18],[37.77,41.08],[37.91,41.0],[38.38,40.92],[39.43,41.11],[39.81,40.98],[40.27,40.96],[41.08,41.26],[41.41,41.42],[41.51,41.52]]],[[[28.01,41.97],[27.99,41.85],[28.2,41.55],[28.35,41.47],[29.06,41.23],[28.96,41.01],[28.78,40.97],[28.17,41.08],[27.93,40.99],[27.75,41.01],[27.5,40.97],[27.43,40.84],[27.26,40.69],[26.77,40.5],[26.33,40.12],[26.2,40.08],[26.26,40.2],[26.25,40.31],[26.45,40.45],[26.72,40.54],[26.79,40.63],[26.11,40.61],[26.04,40.73],[26.11,40.75],[26.33,40.95],[26.33,41.24],[26.6,41.35],[26.62,41.4],[26.58,41.6],[26.32,41.72],[26.33,41.77],[26.51,41.83],[26.62,41.96],[26.88,41.99],[27.01,42.06],[27.24,42.09],[27.53,41.92],[27.88,41.99],[28.01,41.97]]]]}},{"type":"Feature","id":"TUN","properties":{"name":"Tunisia"},"geometry":{"type":"MultiPolygon","coordinates":[[[[11.5,33.18],[11.45,32.64],[11.53,32.52],[11.5,32.41],[10.83,32.08],[10.61,31.93],[10.48,31.74],[10.27,31.68],[10.11,31.46],[10.26,30.94],[10.22,30.78],[9.9,30.39],[9.52,30.23],[9.04,32.07],[8.33,32.54],[8.21,32.93],[8.11,33.06],[7.73,33.27],[7.5,33.83],[7.51,34.08],[7.75,34.25],[7.84,34.41],[8.12,34.56],[8.25,34.73],[8.28,34.98],[8.39,35.2],[8.32,35.4],[8.32,35.65],[8.25,35.8],[8.35,36.37],[8.3,36.46],[8.21,36.52],[8.37,36.63],[8.44,36.76],[8.6,36.83],[8.58,36.94],[8.82,37.0],[9.14,37.19],[9.69,37.34],[9.84,37.31],[9.78,37.21],[9.83,37.14],[9.9,37.18],[9.88,37.25],[10.09,37.25],[10.2,37.21],[10.19,37.03],[10.33,36.87],[10.29,36.78],[10.41,36.73],[10.52,36.79],[10.57,36.88],[10.77,36.93],[10.95,37.06],[11.05,37.07],[11.13,36.87],[10.97,36.74],[10.8,36.49],[10.53,36.32],[10.48,36.18],[10.51,36.03],[10.59,35.89],[11.0,35.63],[11.04,35.34],[11.12,35.24],[10.69,34.68],[10.12,34.28],[10.04,34.14],[10.05,34.06],[10.16,33.85],[10.31,33.73],[10.45,33.66],[10.71,33.69],[10.72,33.51],[10.9,33.53],[10.96,33.63],[11.08,33.56],[11.15,33.37],[11.26,33.31],[11.2,33.25],[11.5,33.18]]],[[[11.28,34.75],[11.12,34.68],[11.25,34.82],[11.28,34.75]]],[[[10.96,33.72],[10.86,33.69],[10.72,33.74],[10.75,33.89],[10.92,33.89],[11.02,33.82],[11.04,33.79],[10.96,33.72]]]]}},{"type":"Feature","id":"SYR","properties":{"name":"Syria"},"geometry":{"type":"MultiPolygon","coordinates":[[[[35.89,35.92],[36.15,35.83],[36.2,35.94],[36.35,36.0],[36.38,36.17],[36.64,36.23],[36.54,36.46],[36.66,36.8],[36.94,36.76],[37.07,36.65],[37.44,36.64],[38.19,36.9],[38.44,36.86],[38.77,36.69],[39.36,36.68],[40.02,36.83],[40.71,37.1],[41.52,37.09],[42.06,37.21],[42.2,37.3],[42.31,37.23],[42.36,37.11],[42.35,37.06],[41.79,36.6],[41.42,36.51],[41.3,36.38],[41.25,36.07],[41.35,35.81],[41.35,35.64],[41.22,35.29],[41.19,34.77],[40.99,34.43],[40.69,34.33],[38.77,33.37],[36.82,32.32],[36.37,32.39],[36.22,32.5],[36.06,32.53],[35.89,32.71],[35.79,32.73],[35.89,32.94],[35.79,33.33],[36.03,33.59],[35.94,33.67],[35.97,33.73],[36.09,33.83],[36.37,33.84],[36.28,33.93],[36.46,34.06],[36.58,34.22],[36.5,34.43],[36.33,34.5],[36.43,34.61],[36.38,34.66],[36.3,34.68],[36.26,34.63],[35.98,34.63],[35.89,34.95],[35.94,35.22],[35.9,35.42],[35.76,35.57],[35.84,35.85],[35.89,35.92]]]]}},{"type":"Feature","id":"CHE","properties":{"name":"Switzerland"},"geometry":{"type":"MultiPolygon","coordinates":[[[[9.52,47.52],[9.63,47.47],[9.48,47.17],[9.49,47.06],[9.85,47.01],[9.88,46.94],[10.13,46.85],[10.35,46.98],[10.41,46.96],[10.45,46.9],[10.4,46.67],[10.44,46.62],[10.43,46.55],[10.27,46.56],[10.2,46.62],[10.09,46.6],[10.04,46.48],[10.11,46.36],[10.13,46.24],[10.04,46.24],[9.94,46.36],[9.64,46.3],[9.53,46.31],[9.43,46.48],[9.3,46.5],[9.26,46.48],[9.25,46.29],[9.0,46.01],[9.05,45.88],[8.95,45.83],[8.78,46.0],[8.82,46.08],[8.64,46.11],[8.46,46.25],[8.42,46.45],[8.1,46.27],[8.13,46.16],[7.99,46.02],[7.79,45.92],[7.54,45.98],[7.13,45.88],[7.06,45.9],[6.77,46.17],[6.82,46.28],[6.76,46.42],[6.43,46.43],[6.23,46.33],[6.27,46.25],[6.2,46.19],[5.97,46.15],[5.97,46.21],[6.1,46.28],[6.12,46.38],[6.06,46.43],[6.16,46.61],[6.41,46.76],[6.46,46.95],[6.67,47.03],[6.95,47.27],[7.0,47.34],[6.9,47.39],[7.05,47.49],[7.27,47.43],[7.42,47.46],[7.49,47.55],[7.62,47.59],[7.93,47.56],[8.2,47.61],[8.45,47.6],[8.57,47.65],[8.4,47.69],[8.57,47.78],[8.73,47.7],[8.83,47.7],[8.88,47.66],[9.18,47.67],[9.52,47.52]]]]}},{"type":"Feature","id":"SWE","properties":{"name":"Sweden"},"geometry":{"type":"MultiPolygon","coordinates":[[[[19.08,57.84],[18.99,57.81],[18.95,57.74],[18.81,57.71],[18.79,57.48],[18.91,57.4],[18.78,57.36],[18.7,57.24],[18.48,57.16],[18.39,57.09],[18.34,56.98],[18.15,56.92],[18.29,57.08],[18.11,57.27],[18.15,57.34],[18.14,57.56],[18.54,57.83],[18.72,57.86],[18.81,57.83],[18.84,57.9],[18.9,57.92],[19.08,57.84]]],[[[16.53,56.29],[16.43,56.24],[16.4,56.31],[16.41,56.57],[16.63,56.88],[16.73,56.9],[17.0,57.32],[17.03,57.35],[17.12,57.32],[17.05,57.28],[17.05,57.21],[16.88,56.99],[16.84,56.84],[16.78,56.81],[16.53,56.29]]],[[[11.39,59.04],[11.47,58.91],[11.64,58.93],[11.71,59.02],[11.8,59.29],[11.68,59.59],[11.83,59.7],[11.93,59.86],[12.17,59.91],[12.49,60.11],[12.52,60.31],[12.59,60.45],[12.31,60.89],[12.29,61.0],[12.71,61.06],[12.88,61.35],[12.6,61.54],[12.16,61.72],[12.3,62.29],[12.11,62.59],[12.14,62.72],[12.11,62.92],[12.22,63.0],[12.0,63.29],[12.21,63.49],[12.18,63.6],[12.79,64],[13.2,64.08],[13.96,64.01],[14.14,64.17],[14.15,64.26],[14.08,64.46],[13.65,64.58],[14.12,64.95],[14.48,65.3],[14.55,65.65],[14.63,65.79],[14.54,66.13],[15.04,66.17],[15.48,66.31],[15.42,66.49],[16.4,67.05],[16.43,67.16],[16.13,67.43],[16.19,67.51],[16.46,67.55],[16.59,67.63],[16.78,67.9],[17.32,68.1],[17.92,67.96],[18.18,68.2],[18.16,68.53],[18.38,68.56],[19.97,68.36],[20.24,68.48],[19.97,68.54],[20.24,68.67],[20.32,68.75],[20.35,68.85],[20.34,68.9],[20.12,69.02],[20.62,69.04],[20.9,68.98],[20.92,68.91],[22.0,68.52],[22.85,68.37],[23.1,68.26],[23.18,68.14],[23.32,68.13],[23.64,67.95],[23.5,67.88],[23.5,67.7],[23.54,67.61],[23.45,67.46],[23.73,67.42],[23.77,67.33],[23.63,67.23],[23.64,67.13],[23.99,66.81],[23.89,66.71],[23.87,66.58],[23.7,66.48],[23.67,66.38],[23.7,66.25],[23.75,66.19],[23.91,66.15],[24.16,65.81],[23.89,65.78],[23.69,65.83],[23.22,65.79],[23.1,65.74],[22.75,65.87],[22.54,65.79],[22.4,65.86],[22.29,65.75],[22.25,65.6],[22.09,65.61],[22.15,65.55],[21.92,65.53],[21.9,65.51],[21.95,65.47],[21.88,65.42],[21.57,65.41],[21.52,65.36],[21.61,65.3],[21.61,65.26],[21.41,65.32],[21.55,65.21],[21.57,65.13],[21.14,64.81],[21.28,64.72],[21.39,64.54],[21.52,64.46],[21.47,64.38],[21.02,64.18],[20.76,63.87],[20.2,63.66],[19.91,63.61],[19.72,63.46],[19.5,63.51],[19.49,63.42],[19.35,63.48],[19.24,63.35],[19.03,63.24],[18.82,63.26],[18.79,63.24],[18.86,63.21],[18.61,63.18],[18.53,63.06],[18.31,63.0],[18.5,62.99],[18.46,62.9],[18.25,62.85],[18.17,62.79],[18.07,62.79],[18.09,62.84],[17.95,62.83],[17.88,62.87],[17.97,62.72],[17.9,62.66],[18.04,62.6],[17.65,62.45],[17.41,62.51],[17.38,62.46],[17.43,62.33],[17.63,62.23],[17.51,62.17],[17.37,61.87],[17.47,61.68],[17.2,61.72],[17.22,61.66],[17.13,61.58],[17.16,61.46],[17.14,61.38],[17.2,61.31],[17.16,61.28],[17.2,60.95],[17.28,60.81],[17.25,60.7],[17.36,60.64],[17.59,60.63],[17.66,60.54],[17.96,60.59],[18.16,60.41],[18.56,60.25],[18.54,60.15],[18.79,60.08],[18.93,59.94],[18.99,59.83],[18.97,59.76],[18.58,59.57],[18.28,59.44],[17.96,59.36],[17.98,59.33],[18.13,59.32],[18.27,59.37],[18.56,59.39],[18.62,59.33],[18.41,59.29],[18.37,59.18],[18.29,59.11],[17.46,58.86],[17.35,58.78],[16.98,58.65],[16.21,58.64],[16.79,58.59],[16.92,58.49],[16.65,58.43],[16.77,58.21],[16.7,58.16],[16.69,57.92],[16.6,57.91],[16.56,57.81],[16.6,57.57],[16.65,57.5],[16.63,57.43],[16.48,57.27],[16.53,57.07],[16.35,56.71],[16.15,56.5],[16.0,56.22],[15.83,56.12],[15.63,56.19],[14.71,56.13],[14.75,56.03],[14.56,56.05],[14.22,55.83],[14.2,55.73],[14.34,55.53],[14.17,55.4],[13.81,55.43],[13.32,55.35],[12.89,55.41],[12.94,55.48],[12.97,55.75],[12.47,56.29],[12.71,56.24],[12.8,56.26],[12.66,56.44],[12.86,56.45],[12.92,56.52],[12.88,56.62],[12.72,56.66],[12.57,56.82],[12.42,56.91],[12.15,57.23],[12.05,57.45],[11.96,57.43],[11.88,57.68],[11.73,57.72],[11.7,57.97],[11.55,58.0],[11.45,58.12],[11.43,58.34],[11.25,58.37],[11.27,58.48],[11.21,58.87],[11.15,58.99],[11.2,59.08],[11.3,59.09],[11.39,59.04]]],[[[19.16,57.92],[19.14,57.86],[19.04,57.91],[19.13,57.98],[19.33,57.96],[19.16,57.92]]],[[[18.42,59.03],[18.35,59.02],[18.38,59.07],[18.49,59.1],[18.42,59.03]]],[[[18.6,59.47],[18.57,59.44],[18.55,59.48],[18.57,59.53],[18.7,59.53],[18.6,59.47]]]]}},{"type":"Feature","id":"SSD","properties":{"name":"S. Sudan"},"geometry":{"type":"MultiPolygon","coordinates":[[[[33.98,4.22],[33.49,3.76],[33.15,3.77],[33.0,3.88],[32.84,3.8],[32.34,3.71],[32.14,3.52],[31.94,3.61],[31.8,3.8],[31.55,3.68],[31.15,3.79],[30.93,3.63],[30.84,3.49],[30.76,3.62],[30.59,3.62],[30.51,3.84],[30.19,3.98],[29.68,4.59],[29.55,4.64],[29.47,4.61],[29.38,4.5],[29.22,4.39],[29.15,4.39],[28.94,4.49],[28.73,4.5],[28.43,4.32],[28.19,4.35],[27.79,4.64],[27.66,4.85],[27.49,4.97],[27.26,5.29],[27.23,5.56],[27.14,5.72],[26.73,6.0],[26.51,6.07],[26.31,6.46],[26.36,6.64],[25.89,7.06],[25.38,7.33],[25.28,7.43],[25.18,7.56],[25.25,7.72],[25.2,7.81],[24.85,8.14],[24.29,8.29],[24.21,8.37],[24.18,8.46],[24.22,8.61],[24.15,8.67],[24.16,8.7],[24.3,8.81],[24.53,8.89],[24.55,9.01],[24.65,9.18],[24.67,9.39],[24.78,9.53],[24.79,9.77],[25.0,10.06],[25.02,10.24],[25.07,10.29],[25.8,10.42],[25.86,10.41],[25.92,10.17],[26.17,9.97],[26.55,9.53],[26.66,9.48],[27.07,9.61],[27.88,9.6],[28.05,9.33],[28.84,9.33],[28.84,9.46],[28.98,9.59],[29.24,9.72],[29.47,9.77],[29.6,9.92],[29.61,10.07],[30.0,10.28],[30.47,9.98],[30.76,9.73],[31.15,9.77],[31.22,9.8],[31.65,10.22],[31.85,10.48],[31.93,10.66],[32.42,11.09],[32.34,11.31],[32.34,11.71],[32.07,12.01],[32.74,12.01],[32.72,12.22],[33.2,12.22],[33.12,11.69],[33.07,11.61],[33.17,10.85],[33.13,10.75],[33.37,10.65],[33.91,10.18],[33.96,10.05],[33.96,9.86],[33.89,9.72],[33.87,9.51],[33.89,9.46],[34.08,9.46],[34.1,8.68],[34.07,8.55],[33.95,8.44],[33.28,8.44],[33.0,7.9],[33.23,7.76],[33.67,7.67],[33.9,7.51],[34.02,7.37],[34.06,7.23],[34.28,7.0],[34.48,6.9],[34.71,6.66],[34.96,6.05],[34.98,5.86],[35.08,5.67],[35.27,5.49],[33.98,4.22]]]]}},{"type":"Feature","id":"SDN","properties":{"name":"Sudan"},"geometry":{"type":"MultiPolygon","coordinates":[[[[34.08,9.46],[33.89,9.46],[33.87,9.51],[33.89,9.72],[33.96,9.86],[33.96,10.05],[33.91,10.18],[33.37,10.65],[33.13,10.75],[33.17,10.85],[33.07,11.61],[33.12,11.69],[33.2,12.22],[32.72,12.22],[32.74,12.01],[32.07,12.01],[32.34,11.71],[32.34,11.31],[32.42,11.09],[31.93,10.66],[31.85,10.48],[31.65,10.22],[31.22,9.8],[31.15,9.77],[30.76,9.73],[30.47,9.98],[30.0,10.28],[29.61,10.07],[29.6,9.92],[29.47,9.77],[29.24,9.72],[28.98,9.59],[28.84,9.46],[28.84,9.33],[28.05,9.33],[27.88,9.6],[27.07,9.61],[26.66,9.48],[26.55,9.53],[26.17,9.97],[25.92,10.17],[25.86,10.41],[25.8,10.42],[25.07,10.29],[25.02,10.24],[25.0,10.06],[24.79,9.77],[24.78,9.53],[24.67,9.39],[24.65,9.18],[24.55,9.01],[24.53,8.89],[24.21,8.77],[24.15,8.67],[23.68,8.73],[23.54,8.82],[23.55,8.94],[23.49,8.99],[23.47,9.11],[23.62,9.34],[23.65,9.82],[23.31,10.39],[22.96,10.75],[22.86,10.92],[22.94,11.19],[22.92,11.34],[22.78,11.41],[22.59,11.58],[22.56,11.67],[22.58,11.99],[22.56,12.03],[22.47,12.07],[22.39,12.46],[22.41,12.55],[22.35,12.66],[22.23,12.71],[21.93,12.68],[21.83,12.79],[21.99,13.11],[22.16,13.22],[22.23,13.33],[22.22,13.47],[22.11,13.8],[22.17,13.91],[22.54,14.16],[22.45,14.28],[22.38,14.55],[22.47,14.63],[22.67,14.72],[22.68,14.85],[22.76,15.0],[22.93,15.16],[22.97,15.31],[22.93,15.53],[23.11,15.7],[23.6,15.75],[23.97,15.72],[23.98,20.0],[24.98,20.0],[24.98,22.0],[31.21,21.99],[31.26,22.0],[31.36,22.19],[31.4,22.2],[31.46,22.19],[31.49,22.15],[31.43,22.0],[36.87,22.0],[36.93,21.59],[37.26,21.11],[37.26,21.04],[37.15,21.1],[37.14,20.98],[37.23,20.56],[37.19,20.39],[37.19,20.12],[37.26,19.79],[37.25,19.58],[37.36,19.09],[37.47,18.82],[37.6,18.72],[37.73,18.69],[37.92,18.56],[38.2,18.25],[38.28,18.29],[38.33,18.22],[38.57,18.07],[38.61,18.01],[38.42,17.82],[38.25,17.58],[37.78,17.46],[37.55,17.32],[37.41,17.06],[37.01,17.06],[36.98,16.8],[36.89,16.62],[36.91,16.3],[36.52,15.25],[36.43,15.13],[36.52,14.26],[36.39,13.63],[36.16,13.09],[36.13,12.76],[35.67,12.62],[35.25,11.96],[35.11,11.82],[34.96,11.28],[34.93,10.86],[34.77,10.75],[34.57,10.88],[34.43,10.79],[34.34,10.66],[34.28,10.53],[34.31,10.19],[34.16,9.85],[34.08,9.46]]]]}},{"type":"Feature","id":"ESP","properties":{"name":"Spain"},"geometry":{"type":"MultiPolygon","coordinates":[[[[1.59,38.67],[1.41,38.67],[1.4,38.71],[1.44,38.77],[1.59,38.67]]],[[[3.15,39.79],[3.24,39.76],[3.4,39.78],[3.45,39.76],[3.46,39.7],[3.24,39.39],[3.07,39.3],[2.8,39.39],[2.7,39.54],[2.63,39.56],[2.5,39.48],[2.37,39.57],[2.37,39.61],[2.9,39.91],[3.2,39.96],[3.15,39.79]]],[[[4.29,39.84],[3.87,39.96],[3.85,40.06],[4.06,40.08],[4.23,40.03],[4.32,39.92],[4.29,39.84]]],[[[1.45,38.92],[1.41,38.86],[1.22,38.9],[1.35,39.08],[1.56,39.12],[1.61,39.09],[1.62,39.04],[1.45,38.92]]],[[[-1.79,43.41],[-1.71,43.31],[-1.41,43.24],[-1.48,43.07],[-1.43,43.04],[-1.37,43.04],[-1.3,43.1],[-1.29,43.06],[-1.18,43.02],[-0.76,42.94],[-0.59,42.8],[-0.3,42.83],[-0.04,42.69],[0.2,42.72],[0.63,42.69],[0.7,42.85],[1.35,42.69],[1.43,42.6],[1.45,42.44],[1.71,42.5],[1.93,42.43],[1.99,42.36],[2.2,42.42],[2.65,42.34],[2.7,42.41],[2.89,42.46],[3.21,42.43],[3.31,42.29],[3.17,42.26],[3.15,42.16],[3.24,42.08],[3.25,41.94],[3.0,41.77],[2.31,41.47],[2.08,41.29],[1.03,41.06],[0.71,40.82],[0.89,40.72],[0.72,40.63],[0.6,40.61],[0.36,40.32],[-0.08,39.88],[-0.33,39.52],[-0.33,39.42],[-0.2,39.06],[-0.03,38.89],[0.15,38.82],[0.2,38.76],[-0.05,38.59],[-0.38,38.44],[-0.52,38.32],[-0.55,38.2],[-0.65,38.15],[-0.68,37.99],[-0.81,37.77],[-0.82,37.71],[-0.72,37.63],[-0.82,37.58],[-1.33,37.56],[-1.64,37.39],[-1.8,37.23],[-1.94,36.95],[-2.11,36.78],[-2.19,36.75],[-2.31,36.82],[-2.45,36.83],[-2.79,36.71],[-3.15,36.76],[-3.43,36.71],[-3.83,36.76],[-4.37,36.72],[-4.67,36.51],[-4.94,36.5],[-5.17,36.42],[-5.33,36.24],[-5.36,36.13],[-5.44,36.15],[-5.46,36.07],[-5.63,36.03],[-6.04,36.19],[-6.23,36.43],[-6.27,36.6],[-6.38,36.64],[-6.41,36.73],[-6.33,36.85],[-6.22,36.91],[-6.32,36.91],[-6.4,36.83],[-6.49,36.95],[-6.88,37.19],[-6.86,37.28],[-6.97,37.2],[-7.41,37.18],[-7.5,37.59],[-7.44,37.73],[-7.19,38.01],[-7.02,38.04],[-6.96,38.19],[-7.11,38.18],[-7.34,38.46],[-7.28,38.71],[-7.05,38.91],[-7.0,39.06],[-7.04,39.11],[-7.17,39.14],[-7.31,39.34],[-7.34,39.47],[-7.45,39.54],[-7.54,39.66],[-7.12,39.68],[-7.04,39.71],[-6.98,39.8],[-6.9,40.02],[-7.03,40.17],[-6.81,40.34],[-6.85,40.44],[-6.84,40.78],[-6.93,41.01],[-6.69,41.21],[-6.21,41.53],[-6.31,41.64],[-6.54,41.67],[-6.56,41.87],[-6.62,41.94],[-7.15,41.98],[-7.21,41.9],[-7.4,41.83],[-7.69,41.89],[-7.92,41.88],[-8.15,41.81],[-8.22,41.9],[-8.13,42.02],[-8.21,42.13],[-8.27,42.14],[-8.59,42.05],[-8.85,41.93],[-8.89,42.11],[-8.69,42.27],[-8.82,42.29],[-8.73,42.41],[-8.81,42.47],[-8.81,42.64],[-9.03,42.59],[-9.04,42.66],[-8.93,42.8],[-9.04,42.81],[-9.24,42.98],[-9.18,43.17],[-8.87,43.33],[-8.67,43.32],[-8.36,43.4],[-8.25,43.44],[-8.29,43.54],[-8.26,43.58],[-8.0,43.69],[-7.7,43.76],[-7.5,43.74],[-7.26,43.59],[-7.06,43.55],[-6.08,43.59],[-5.85,43.65],[-5.67,43.58],[-4.52,43.42],[-3.6,43.52],[-3.05,43.37],[-2.88,43.45],[-2.34,43.33],[-1.99,43.35],[-1.79,43.41]]],[[[-16.33,28.38],[-16.42,28.15],[-16.54,28.03],[-16.66,28.01],[-16.91,28.34],[-16.84,28.38],[-16.56,28.4],[-16.32,28.56],[-16.12,28.58],[-16.12,28.53],[-16.33,28.38]]],[[[-13.72,28.91],[-13.78,28.85],[-13.86,28.87],[-13.82,29.01],[-13.54,29.14],[-13.46,29.24],[-13.42,29.2],[-13.48,29.01],[-13.72,28.91]]],[[[-14.2,28.17],[-14.33,28.06],[-14.49,28.1],[-14.36,28.13],[-14.23,28.22],[-14.0,28.71],[-13.86,28.74],[-13.83,28.59],[-13.93,28.25],[-14.2,28.17]]],[[[-15.4,28.15],[-15.39,27.87],[-15.44,27.81],[-15.56,27.75],[-15.66,27.76],[-15.81,27.89],[-15.81,27.99],[-15.72,28.06],[-15.68,28.15],[-15.4,28.15]]],[[[-17.18,28.02],[-17.27,28.04],[-17.32,28.12],[-17.26,28.2],[-17.13,28.16],[-17.1,28.11],[-17.18,28.02]]],[[[-17.89,27.81],[-17.98,27.65],[-18.16,27.76],[-18.04,27.77],[-17.92,27.85],[-17.89,27.81]]],[[[-17.83,28.49],[-17.86,28.49],[-18.0,28.76],[-17.93,28.84],[-17.8,28.85],[-17.73,28.72],[-17.76,28.57],[-17.83,28.49]]]]}},{"type":"Feature","id":"SVK","properties":{"name":"Slovakia"},"geometry":{"type":"MultiPolygon","coordinates":[[[[22.54,49.07],[22.3,48.69],[22.14,48.57],[22.11,48.39],[21.72,48.35],[21.45,48.55],[21.07,48.51],[20.87,48.55],[20.49,48.53],[20.33,48.3],[19.95,48.15],[19.9,48.13],[19.63,48.22],[19.56,48.21],[19.47,48.11],[18.91,48.05],[18.79,48.0],[18.75,47.94],[18.78,47.85],[18.72,47.79],[17.76,47.77],[17.64,47.81],[17.32,47.99],[17.09,48.04],[16.87,48.39],[16.99,48.68],[17.14,48.84],[17.48,48.83],[17.76,48.89],[18.09,49.07],[18.16,49.26],[18.36,49.34],[18.6,49.49],[18.94,49.5],[18.97,49.4],[19.15,49.4],[19.25,49.51],[19.44,49.6],[19.63,49.41],[19.77,49.37],[19.76,49.2],[19.8,49.19],[19.92,49.22],[20.06,49.18],[20.16,49.32],[20.36,49.39],[20.62,49.39],[20.95,49.32],[21.08,49.42],[21.35,49.43],[21.64,49.41],[21.89,49.34],[22.02,49.21],[22.54,49.07]]]]}},{"type":"Feature","id":"SVN","properties":{"name":"Slovenia"},"geometry":{"type":"MultiPolygon","coordinates":[[[[16.52,46.5],[16.32,46.53],[16.24,46.48],[16.23,46.37],[16.07,46.37],[15.93,46.28],[15.64,46.2],[15.59,46.14],[15.67,46.05],[15.65,45.86],[15.28,45.73],[15.35,45.66],[15.28,45.58],[15.34,45.47],[15.24,45.44],[14.95,45.5],[14.79,45.48],[14.57,45.66],[14.37,45.48],[13.99,45.51],[13.88,45.43],[13.62,45.48],[13.58,45.52],[13.87,45.61],[13.72,45.76],[13.58,45.81],[13.6,45.98],[13.49,45.99],[13.49,46.04],[13.63,46.18],[13.42,46.21],[13.38,46.26],[13.4,46.32],[13.68,46.46],[13.7,46.52],[14.55,46.4],[14.89,46.61],[15.44,46.63],[15.77,46.71],[15.96,46.68],[15.98,46.8],[16.09,46.86],[16.28,46.86],[16.38,46.64],[16.52,46.5]]]]}},{"type":"Feature","id":"SRB","properties":{"name":"Serbia"},"geometry":{"type":"MultiPolygon","coordinates":[[[[21.36,44.83],[21.52,44.79],[21.64,44.71],[21.91,44.67],[22.03,44.62],[22.09,44.54],[22.2,44.56],[22.35,44.68],[22.5,44.71],[22.72,44.61],[22.73,44.57],[22.55,44.54],[22.5,44.49],[22.53,44.38],[22.65,44.32],[22.71,44.24],[22.63,44.19],[22.6,44.08],[22.42,44.01],[22.37,43.78],[22.55,43.45],[22.77,43.35],[22.98,43.19],[22.94,43.1],[22.71,42.88],[22.47,42.84],[22.44,42.63],[22.53,42.48],[22.42,42.33],[22.34,42.31],[22.24,42.36],[21.56,42.25],[21.52,42.33],[21.61,42.39],[21.75,42.67],[21.39,42.75],[21.4,42.83],[21.24,42.91],[21.06,43.09],[20.84,43.17],[20.8,43.26],[20.62,43.2],[20.66,43.1],[20.62,43.03],[20.48,42.95],[20.47,42.86],[20.34,42.83],[20.34,42.89],[20.27,42.94],[19.94,43.08],[19.61,43.17],[19.22,43.45],[19.19,43.53],[19.25,43.58],[19.45,43.56],[19.5,43.64],[19.49,43.7],[19.25,43.97],[19.55,43.99],[19.58,44.04],[19.34,44.23],[19.15,44.3],[19.12,44.36],[19.15,44.53],[19.29,44.7],[19.35,44.88],[19.24,44.91],[19.01,44.87],[19.0,44.9],[19.09,44.93],[19.06,45.14],[19.13,45.15],[19.14,45.2],[19.3,45.17],[19.39,45.17],[19.4,45.21],[19.0,45.4],[19.01,45.47],[19.06,45.51],[18.92,45.6],[18.95,45.66],[18.84,45.84],[18.89,45.87],[18.91,45.93],[19.07,46.01],[19.28,46.0],[19.53,46.16],[20.21,46.13],[20.36,45.98],[20.58,45.87],[20.71,45.74],[20.77,45.75],[20.79,45.47],[21.02,45.32],[21.49,45.15],[21.42,45.03],[21.35,45.01],[21.53,44.9],[21.36,44.86],[21.36,44.83]]]]}},{"type":"Feature","id":"SEN","properties":{"name":"Senegal"},"geometry":{"type":"MultiPolygon","coordinates":[[[[-12.28,14.81],[-12.19,14.65],[-12.23,14.46],[-12.02,14.21],[-12.02,13.97],[-11.96,13.88],[-12.04,13.73],[-12.05,13.63],[-11.83,13.32],[-11.76,13.39],[-11.63,13.37],[-11.58,13.29],[-11.55,13.17],[-11.39,12.94],[-11.45,12.56],[-11.38,12.48],[-11.39,12.4],[-12.04,12.4],[-12.29,12.33],[-12.8,12.45],[-12.93,12.53],[-13.01,12.48],[-13.06,12.49],[-13.08,12.63],[-13.73,12.67],[-15.2,12.68],[-15.57,12.49],[-15.84,12.44],[-16.14,12.46],[-16.52,12.35],[-16.71,12.35],[-16.78,12.47],[-16.76,12.53],[-16.55,12.6],[-16.45,12.58],[-16.44,12.61],[-16.6,12.72],[-16.7,12.6],[-16.74,12.59],[-16.77,12.63],[-16.76,13.06],[-16.65,13.15],[-15.83,13.16],[-15.81,13.33],[-15.29,13.4],[-15.15,13.56],[-14.44,13.27],[-14.25,13.24],[-13.85,13.34],[-13.83,13.41],[-13.85,13.48],[-13.98,13.54],[-14.41,13.5],[-14.94,13.79],[-15.11,13.81],[-15.43,13.73],[-15.51,13.59],[-16.56,13.59],[-16.59,13.69],[-16.77,13.9],[-16.62,14.04],[-16.79,14.0],[-16.8,14.09],[-16.97,14.4],[-17.08,14.48],[-17.17,14.64],[-17.35,14.73],[-17.42,14.72],[-17.45,14.65],[-17.54,14.76],[-17.15,14.92],[-16.84,15.29],[-16.57,15.73],[-16.44,16.2],[-16.24,16.53],[-15.77,16.49],[-15.38,16.58],[-15.12,16.6],[-15.09,16.66],[-14.96,16.68],[-14.53,16.66],[-14.3,16.58],[-13.98,16.31],[-13.87,16.15],[-13.76,16.17],[-13.68,16.13],[-13.51,16.14],[-13.35,15.97],[-13.21,15.62],[-13.14,15.6],[-13.08,15.51],[-12.99,15.5],[-12.93,15.45],[-12.86,15.34],[-12.86,15.24],[-12.66,15.08],[-12.54,15.04],[-12.28,14.81]]]]}},{"type":"Feature","id":"SAU","properties":{"name":"Saudi Arabia"},"geometry":{"type":"MultiPolygon","coordinates":[[[[36.9,25.38],[36.72,25.53],[36.53,25.6],[36.5,25.65],[36.53,25.69],[36.59,25.62],[36.95,25.41],[36.9,25.38]]],[[[41.99,16.72],[42.07,16.71],[42.03,16.76],[42.06,16.8],[42.17,16.71],[42.16,16.57],[42.07,16.67],[41.96,16.65],[41.9,16.68],[41.78,16.85],[41.86,16.89],[41.88,16.95],[41.86,17.0],[41.92,16.99],[41.95,16.94],[41.95,16.75],[41.99,16.72]]],[[[51.98,19.0],[49.04,18.58],[48.17,18.16],[47.58,17.45],[47.44,17.11],[47.14,16.95],[46.98,16.95],[46.73,17.27],[46.31,17.23],[45.54,17.3],[45.15,17.43],[44.16,17.4],[43.92,17.32],[43.71,17.37],[43.6,17.47],[43.42,17.52],[43.19,17.36],[43.24,17.27],[43.16,17.21],[43.12,16.94],[43.18,16.81],[43.17,16.69],[42.8,16.37],[42.7,16.74],[42.55,16.87],[42.54,16.96],[42.38,17.12],[42.29,17.43],[42.05,17.67],[41.75,17.89],[41.51,18.26],[41.43,18.45],[41.23,18.68],[41.12,19.08],[40.76,19.76],[40.62,19.82],[40.48,19.99],[40.08,20.27],[39.88,20.29],[39.73,20.39],[39.28,20.97],[39.09,21.31],[39.15,21.52],[38.99,21.88],[39.1,22.39],[39.06,22.59],[39.0,22.7],[39.01,22.77],[38.88,22.88],[38.94,22.88],[38.8,23.05],[38.71,23.31],[38.46,23.71],[38.29,23.91],[37.92,24.19],[37.82,24.19],[37.71,24.27],[37.54,24.29],[37.18,24.82],[37.27,24.96],[37.15,25.29],[36.92,25.64],[36.76,25.75],[36.68,26.04],[36.52,26.1],[36.25,26.59],[35.85,27.07],[35.76,27.26],[35.58,27.43],[35.42,27.73],[35.18,28.03],[35.08,28.09],[34.72,28.13],[34.62,28.06],[34.62,28.15],[34.78,28.51],[34.95,29.35],[36.07,29.2],[36.48,29.5],[36.76,29.87],[37.47,30.0],[37.65,30.33],[37.98,30.5],[36.96,31.49],[38.96,31.99],[39.15,32.12],[40.37,31.94],[42.07,31.08],[44.69,29.2],[46.36,29.06],[46.53,29.1],[47.43,28.99],[47.58,28.63],[47.67,28.53],[48.44,28.54],[48.63,28.13],[48.81,27.9],[48.83,27.8],[48.8,27.72],[48.91,27.63],[49.24,27.49],[49.18,27.44],[49.41,27.18],[49.54,27.15],[49.72,26.96],[49.99,26.83],[50.15,26.66],[50.01,26.68],[50.03,26.53],[50.18,26.4],[50.21,26.31],[50.16,26.1],[50.03,26.11],[50.08,25.96],[50.24,25.62],[50.46,25.42],[50.56,25.09],[50.86,24.68],[50.97,24.57],[51.27,24.61],[51.41,24.57],[51.31,24.34],[51.57,24.29],[51.59,24.08],[52.56,22.93],[55.1,22.62],[55.19,22.7],[55.64,22.0],[54.98,20.0],[51.98,19.0]]],[[[36.6,25.71],[36.54,25.73],[36.58,25.86],[36.6,25.71]]]]}},{"type":"Feature","id":"SMR","properties":{"name":"San Marino"},"geometry":{"type":"MultiPolygon","coordinates":[[[[12.49,43.9],[12.43,43.89],[12.4,43.93],[12.5,43.99],[12.49,43.9]]]]}},{"type":"Feature","id":"RUS","properties":{"name":"Russia"},"geometry":{"type":"MultiPolygon","coordinates":[[[[130.69,42.3],[130.53,42.54],[130.58,42.57],[130.58,42.62],[130.44,42.69],[130.42,42.73],[130.58,42.81],[130.94,42.85],[131.07,42.9],[131.09,43.04],[131.18,43.14],[131.26,43.38],[131.24,43.47],[131.18,43.51],[131.17,43.7],[131.21,44.0],[131.26,44.07],[131.09,44.6],[130.97,44.8],[130.98,44.84],[131.08,44.91],[131.45,44.98],[131.58,45.08],[131.65,45.21],[131.85,45.33],[131.98,45.24],[132.94,45.03],[133.11,45.13],[133.11,45.32],[133.19,45.49],[133.44,45.6],[133.51,45.88],[133.65,45.96],[133.71,46.07],[133.7,46.14],[133.86,46.25],[133.9,46.37],[133.87,46.5],[134.02,46.71],[134.07,46.95],[134.2,47.13],[134.17,47.3],[134.29,47.41],[134.54,47.49],[134.75,47.72],[134.57,48.02],[134.67,48.15],[134.67,48.25],[134.56,48.32],[134.29,48.37],[133.84,48.27],[133.47,48.1],[133.14,48.11],[132.77,47.94],[132.71,47.95],[132.48,47.71],[131.79,47.68],[131.32,47.73],[130.96,47.71],[130.92,47.84],[130.73,48.02],[130.71,48.13],[130.8,48.34],[130.55,48.6],[130.62,48.77],[130.55,48.86],[130.2,48.89],[130.04,48.97],[129.67,49.28],[129.53,49.32],[129.5,49.39],[129.31,49.35],[129.07,49.37],[129.02,49.42],[128.82,49.46],[128.77,49.49],[128.77,49.58],[128.7,49.6],[128.0,49.57],[127.71,49.67],[127.55,49.8],[127.49,49.98],[127.59,50.21],[127.34,50.35],[127.34,50.43],[127.31,50.45],[127.35,50.62],[127.31,50.71],[126.92,51.1],[126.83,51.31],[126.81,51.51],[126.71,51.57],[126.7,51.7],[126.51,51.93],[126.46,52.13],[126.39,52.17],[126.38,52.29],[126.32,52.33],[126.34,52.36],[126.19,52.52],[126.02,52.61],[126.05,52.74],[125.87,52.87],[125.73,52.89],[125.65,53.04],[125.08,53.2],[124.81,53.13],[124.64,53.21],[124.47,53.23],[124.22,53.37],[124.15,53.36],[123.61,53.55],[123.15,53.54],[122.52,53.46],[122.34,53.49],[121.41,53.32],[120.99,53.28],[120.7,53.17],[120.09,52.79],[120.04,52.72],[120.07,52.63],[120.17,52.6],[120.52,52.62],[120.66,52.57],[120.7,52.49],[120.65,52.4],[120.67,52.3],[120.74,52.21],[120.75,52.1],[120.68,51.97],[120.07,51.6],[119.97,51.42],[119.81,51.27],[119.75,51.11],[119.51,50.86],[119.45,50.7],[119.34,50.63],[119.22,50.43],[119.16,50.41],[119.3,50.35],[119.35,50.28],[119.33,50.15],[119.26,50.07],[118.98,49.98],[118.76,49.96],[118.45,49.84],[117.87,49.51],[117.48,49.61],[117.25,49.62],[116.68,49.82],[116.55,49.92],[116.22,50.01],[115.72,49.88],[115.43,49.9],[115.27,49.95],[115.0,50.14],[114.74,50.23],[114.3,50.27],[113.57,50.01],[113.16,49.8],[113.06,49.62],[112.81,49.52],[112.49,49.53],[112.08,49.42],[111.34,49.36],[110.71,49.14],[110.63,49.14],[110.43,49.22],[110.2,49.17],[109.24,49.33],[108.61,49.32],[108.41,49.4],[107.97,49.65],[107.94,49.69],[107.95,49.92],[107.92,49.95],[107.23,49.99],[106.71,50.31],[106.22,50.3],[105.88,50.41],[105.38,50.47],[105.09,50.39],[104.47,50.31],[104.08,50.15],[103.8,50.18],[103.63,50.14],[103.3,50.2],[103.16,50.29],[102.68,50.39],[102.47,50.53],[102.29,50.59],[102.32,50.72],[102.22,50.83],[102.19,51.05],[102.15,51.11],[102.16,51.31],[102.11,51.35],[101.57,51.47],[101.38,51.45],[100.47,51.73],[99.92,51.76],[99.72,51.87],[99.41,51.92],[99.03,52.04],[98.89,52.12],[98.8,51.96],[98.64,51.8],[98.35,51.72],[98.22,51.51],[98.04,51.45],[97.95,51.35],[97.91,51.17],[97.84,51.05],[97.83,50.99],[97.95,50.86],[98.03,50.64],[98.28,50.53],[98.25,50.3],[98.1,50.08],[98.0,50.01],[97.85,49.95],[97.59,49.91],[97.54,49.84],[97.36,49.74],[97.21,49.73],[96.99,49.88],[96.32,49.9],[96.07,50.0],[95.94,49.96],[95.79,50.01],[95.52,49.91],[95.11,49.94],[94.93,50.04],[94.61,50.02],[94.35,50.22],[94.25,50.56],[93.1,50.6],[93.01,50.65],[92.94,50.78],[92.78,50.78],[92.74,50.71],[92.63,50.69],[92.35,50.86],[92.3,50.85],[92.19,50.7],[91.8,50.69],[91.45,50.52],[91.42,50.47],[91.02,50.42],[90.66,50.22],[90.05,50.09],[90.0,50.07],[89.98,49.98],[89.64,49.9],[89.65,49.72],[89.4,49.61],[89.24,49.63],[89.18,49.53],[89.11,49.5],[89.01,49.47],[88.9,49.54],[88.83,49.45],[88.63,49.49],[88.19,49.45],[88.14,49.38],[88.12,49.26],[87.99,49.19],[87.52,49.12],[87.42,49.08],[87.32,49.09],[87.23,49.22],[87.0,49.29],[86.71,49.56],[86.63,49.56],[86.61,49.61],[86.73,49.7],[86.73,49.75],[86.68,49.78],[86.18,49.5],[85.97,49.5],[85.93,49.55],[85.23,49.62],[85.0,49.89],[84.99,50.06],[84.61,50.2],[84.32,50.24],[84.26,50.29],[84.18,50.52],[83.95,50.77],[83.72,50.89],[83.36,50.99],[83.16,50.99],[83.02,50.9],[82.76,50.89],[82.49,50.73],[82.1,50.71],[81.93,50.77],[81.47,50.74],[81.39,50.96],[81.07,50.97],[81.13,51.19],[80.97,51.19],[80.88,51.28],[80.74,51.29],[80.45,51.18],[80.42,50.95],[80.22,50.91],[80.09,50.84],[80.07,50.76],[79.99,50.77],[79.47,51.49],[78.48,52.64],[77.86,53.27],[77.7,53.38],[76.58,53.94],[76.48,54.02],[76.42,54.15],[76.65,54.15],[76.84,54.44],[76.5,54.34],[76.27,54.31],[75.69,54.11],[75.44,54.09],[75.4,54.07],[75.38,53.97],[75.22,53.89],[75.05,53.83],[74.83,53.83],[74.45,53.65],[74.4,53.5],[74.35,53.49],[74.21,53.58],[73.86,53.62],[73.64,53.58],[73.41,53.45],[73.29,53.6],[73.31,53.71],[73.4,53.81],[73.68,53.93],[73.71,54.04],[73.67,54.06],[73.38,53.96],[73.23,53.96],[73.12,53.98],[72.91,54.11],[72.62,54.13],[72.56,54.09],[72.59,54.0],[72.45,53.94],[72.4,53.96],[72.39,54.12],[72.19,54.33],[72.11,54.31],[72.07,54.23],[72.0,54.21],[71.34,54.16],[71.09,54.21],[71.05,54.26],[71.15,54.36],[71.19,54.6],[70.91,55.13],[70.74,55.31],[70.49,55.28],[70.18,55.16],[69.49,55.36],[68.98,55.39],[68.52,55.2],[68.21,55.16],[68.24,55.05],[68.16,54.98],[67.83,54.94],[67.69,54.87],[66.22,54.67],[65.95,54.66],[65.91,54.69],[65.71,54.62],[65.48,54.62],[65.24,54.52],[65.16,54.36],[65.09,54.34],[64.93,54.4],[64.65,54.35],[64.46,54.38],[64.2,54.35],[63.85,54.24],[63.19,54.17],[63.07,54.11],[62.63,54.07],[62.5,54.01],[62.04,54.0],[61.93,53.95],[61.33,54.05],[61.23,54.02],[61.14,53.96],[61.11,53.75],[60.98,53.62],[61.25,53.55],[61.47,53.58],[61.53,53.52],[61.4,53.46],[61.23,53.45],[61.16,53.34],[61.2,53.29],[61.66,53.23],[62.01,53.11],[62.08,53.06],[62.08,53.01],[61.97,52.94],[61.4,53.0],[61.05,52.97],[60.8,52.74],[60.77,52.68],[60.99,52.34],[60.67,52.15],[60.43,52.13],[60.03,51.93],[60.39,51.77],[60.46,51.65],[60.97,51.54],[61.01,51.49],[61.36,51.44],[61.55,51.32],[61.59,51.23],[61.39,50.86],[60.94,50.7],[60.42,50.68],[60.29,50.7],[60.06,50.85],[59.96,50.8],[59.81,50.58],[59.52,50.49],[59.5,50.51],[59.52,50.58],[59.45,50.62],[58.88,50.69],[58.55,50.97],[58.36,51.06],[57.84,51.09],[57.65,50.93],[57.44,50.89],[57.18,51.04],[57.01,51.07],[56.62,50.98],[56.49,51.02],[56.14,50.84],[56.05,50.71],[55.69,50.58],[55.36,50.67],[54.87,50.94],[54.64,51.01],[54.55,50.95],[54.61,50.88],[54.65,50.66],[54.64,50.59],[54.56,50.54],[54.47,50.58],[54.42,50.78],[54.14,51.04],[53.96,51.16],[53.69,51.25],[53.53,51.4],[53.34,51.48],[52.57,51.48],[52.33,51.68],[52.22,51.71],[52.01,51.67],[51.61,51.48],[51.34,51.48],[51.3,51.5],[51.27,51.59],[51.16,51.65],[50.79,51.73],[50.31,51.32],[49.82,51.13],[49.5,51.08],[49.32,50.85],[48.81,50.6],[48.63,50.61],[48.84,50.01],[48.76,49.93],[48.43,49.83],[48.33,49.86],[47.71,50.38],[47.6,50.41],[47.43,50.36],[47.29,50.22],[47.3,50.06],[47.25,50.0],[46.99,49.85],[46.89,49.7],[46.8,49.37],[47.02,49.2],[47.03,49.15],[46.96,49.04],[46.7,48.81],[46.61,48.57],[46.66,48.41],[47.06,48.23],[47.12,48.13],[47.09,47.95],[47.2,47.79],[47.29,47.74],[47.48,47.8],[48.11,47.75],[48.17,47.71],[48.55,47.32],[48.96,46.77],[48.95,46.73],[48.88,46.71],[48.56,46.76],[48.5,46.7],[48.54,46.61],[49.23,46.34],[49.25,46.29],[49.13,46.28],[49.08,46.19],[48.68,46.09],[48.75,45.92],[48.73,45.9],[48.49,45.93],[48.16,45.74],[47.83,45.66],[47.7,45.69],[47.65,45.66],[47.63,45.58],[47.46,45.68],[47.52,45.6],[47.51,45.49],[47.41,45.42],[47.35,45.22],[47.08,44.82],[47.0,44.88],[46.96,44.78],[46.76,44.66],[46.72,44.56],[46.75,44.42],[47.02,44.34],[47.31,44.1],[47.43,43.78],[47.46,43.56],[47.56,43.83],[47.65,43.88],[47.51,43.51],[47.51,43.22],[47.46,43.04],[47.63,42.9],[47.71,42.81],[47.73,42.68],[48.08,42.35],[48.38,41.95],[48.57,41.84],[48.39,41.6],[48.06,41.46],[47.86,41.21],[47.52,41.23],[47.26,41.32],[47.21,41.46],[46.75,41.81],[46.57,41.8],[46.54,41.87],[46.21,41.99],[45.95,42.04],[45.64,42.21],[45.73,42.48],[45.66,42.52],[45.34,42.53],[45.16,42.67],[44.87,42.76],[44.77,42.62],[44.64,42.73],[44.51,42.75],[43.96,42.57],[43.83,42.57],[43.74,42.62],[43.8,42.7],[43.78,42.75],[43.09,42.99],[42.99,43.09],[42.76,43.17],[42.57,43.16],[42.42,43.22],[42.05,43.19],[41.58,43.22],[41.36,43.33],[41.08,43.37],[40.65,43.53],[40.52,43.51],[40.15,43.57],[40.08,43.55],[39.98,43.42],[39.52,43.73],[39.33,43.9],[38.72,44.29],[38.18,44.42],[37.85,44.7],[37.7,44.66],[37.5,44.7],[37.35,44.79],[37.2,44.97],[36.65,45.13],[36.62,45.19],[36.94,45.29],[36.72,45.37],[36.79,45.41],[36.87,45.43],[37.21,45.27],[37.26,45.31],[37.65,45.38],[37.67,45.49],[37.61,45.5],[37.61,45.56],[37.84,45.8],[37.93,46.0],[38.01,46.05],[38.07,46.02],[38.08,45.93],[38.18,46.09],[38.49,46.09],[38.08,46.39],[37.91,46.41],[37.77,46.64],[37.97,46.62],[38.23,46.7],[38.5,46.66],[38.44,46.81],[39.27,47.04],[39.29,47.11],[39.2,47.27],[39.02,47.27],[38.93,47.18],[38.67,47.14],[38.55,47.15],[38.76,47.26],[38.58,47.24],[38.21,47.09],[38.2,47.18],[38.28,47.28],[38.2,47.32],[38.29,47.56],[38.37,47.61],[38.64,47.67],[38.82,47.84],[39.74,47.84],[39.78,47.89],[39.78,47.96],[39.96,48.27],[39.85,48.3],[39.89,48.36],[39.84,48.54],[39.64,48.59],[39.7,48.74],[39.79,48.81],[40.0,48.82],[39.75,48.91],[39.69,49.01],[39.89,49.06],[40.11,49.25],[40.13,49.37],[40.06,49.43],[40.08,49.58],[39.78,49.57],[39.46,49.73],[39.3,49.74],[39.17,49.86],[38.92,49.82],[38.65,49.95],[38.45,49.96],[38.26,50.05],[38.18,50.03],[38.15,49.94],[38.05,49.92],[37.7,50.11],[37.58,50.29],[37.42,50.41],[36.76,50.29],[36.62,50.21],[36.5,50.28],[36.31,50.28],[36.12,50.41],[35.89,50.44],[35.67,50.35],[35.59,50.37],[35.41,50.54],[35.39,50.61],[35.44,50.73],[35.31,50.95],[35.31,51.04],[35.16,51.06],[35.06,51.2],[34.71,51.17],[34.49,51.24],[34.21,51.26],[34.27,51.34],[34.23,51.36],[34.2,51.55],[34.12,51.68],[34.38,51.72],[34.4,51.78],[34.11,51.98],[33.92,52.25],[33.74,52.34],[33.15,52.34],[32.81,52.25],[32.44,52.31],[32.36,52.27],[32.28,52.11],[32.12,52.05],[31.76,52.1],[31.58,52.31],[31.59,52.53],[31.62,52.55],[31.53,52.63],[31.52,52.7],[31.56,52.76],[31.26,53.02],[31.42,53.2],[31.67,53.2],[31.85,53.11],[32.14,53.09],[32.43,53.21],[32.47,53.27],[32.7,53.34],[32.71,53.42],[32.47,53.55],[32.43,53.62],[32.45,53.69],[32.2,53.78],[31.75,53.81],[31.83,53.94],[31.83,54.03],[31.4,54.2],[31.18,54.45],[31.07,54.49],[31.15,54.63],[30.8,54.78],[30.83,54.91],[30.98,55.05],[30.96,55.14],[30.81,55.31],[30.9,55.4],[30.91,55.57],[30.63,55.67],[30.46,55.79],[30.23,55.85],[29.94,55.85],[29.48,55.68],[29.35,55.78],[29.4,55.91],[29.28,55.97],[29.03,56.02],[28.79,55.94],[28.56,56.09],[28.28,56.06],[28.15,56.14],[28.2,56.26],[28.17,56.39],[28.1,56.55],[28.01,56.6],[27.89,56.74],[27.88,56.82],[27.81,56.87],[27.64,56.85],[27.72,57.05],[27.83,57.19],[27.83,57.29],[27.54,57.43],[27.51,57.51],[27.35,57.55],[27.4,57.67],[27.54,57.8],[27.78,57.87],[27.67,57.93],[27.5,58.22],[27.53,58.44],[27.43,58.79],[27.51,58.89],[27.76,59.05],[27.9,59.28],[28.15,59.37],[28.01,59.48],[28.06,59.55],[28.01,59.72],[28.06,59.78],[28.13,59.79],[28.33,59.69],[28.42,59.73],[28.45,59.81],[28.52,59.85],[28.75,59.81],[28.95,59.83],[29.15,60.0],[30.12,59.87],[30.17,59.96],[29.98,60.03],[29.72,60.2],[29.07,60.19],[28.81,60.33],[28.64,60.38],[28.49,60.54],[28.62,60.49],[28.65,60.61],[28.51,60.68],[28.18,60.57],[27.8,60.54],[28.41,60.9],[29.25,61.29],[31.19,62.48],[31.54,62.92],[31.18,63.21],[30.42,63.5],[29.99,63.74],[30.21,63.8],[30.5,64.02],[30.53,64.08],[30.49,64.24],[30.11,64.37],[29.99,64.52],[29.99,64.56],[30.12,64.64],[30.11,64.73],[29.78,64.8],[29.6,64.97],[29.62,65.04],[29.81,65.11],[29.83,65.15],[29.81,65.2],[29.61,65.25],[29.71,65.34],[29.73,65.47],[29.82,65.57],[29.72,65.62],[30.1,65.68],[30.09,65.79],[29.9,66.09],[29.67,66.28],[29.46,66.53],[29.07,66.89],[29.09,66.97],[29.24,67.1],[29.94,67.55],[29.99,67.67],[29.34,68.06],[28.69,68.19],[28.47,68.49],[28.48,68.54],[28.75,68.77],[28.77,68.84],[28.41,68.9],[29.12,69.05],[29.21,69.1],[29.39,69.3],[29.99,69.39],[30.16,69.5],[30.2,69.58],[30.16,69.63],[30.62,69.53],[30.86,69.54],[30.92,69.61],[30.87,69.78],[31.55,69.7],[31.67,69.72],[31.79,69.82],[32.0,69.81],[32.03,69.84],[31.97,69.91],[31.98,69.95],[33.01,69.72],[32.99,69.63],[32.92,69.6],[32.18,69.67],[32.09,69.63],[32.33,69.55],[32.38,69.48],[33.0,69.47],[33.02,69.45],[32.94,69.38],[32.98,69.37],[33.45,69.43],[33.41,69.27],[33.33,69.15],[33.14,69.07],[33.44,69.13],[33.68,69.31],[34.23,69.31],[35.01,69.22],[35.29,69.28],[35.86,69.19],[37.73,68.69],[38.43,68.36],[38.83,68.32],[39.57,68.07],[39.82,68.06],[39.75,68.16],[39.81,68.15],[40.38,67.83],[40.97,67.71],[41.06,67.44],[41.13,67.39],[41.13,67.27],[41.36,67.21],[41.28,66.91],[41.19,66.83],[40.52,66.45],[40.1,66.3],[39.29,66.13],[38.65,66.07],[37.9,66.1],[36.98,66.27],[35.51,66.4],[34.82,66.61],[34.48,66.55],[34.4,66.61],[34.45,66.65],[33.89,66.71],[33.6,66.78],[33.48,66.76],[33.15,66.84],[32.85,67.02],[32.93,67.09],[32.4,67.15],[31.9,67.16],[32.2,67.11],[32.5,67.0],[32.46,66.92],[32.86,66.72],[33.18,66.68],[33.22,66.53],[33.66,66.44],[33.59,66.38],[33.36,66.33],[34.11,66.23],[34.4,66.13],[34.69,65.95],[34.79,65.86],[34.78,65.77],[34.62,65.51],[34.41,65.4],[34.67,65.17],[34.8,64.99],[34.83,64.8],[34.95,64.76],[34.86,64.71],[34.87,64.56],[35.04,64.44],[35.43,64.35],[35.65,64.38],[36.15,64.19],[36.36,64.0],[37.44,63.81],[37.64,63.89],[37.97,63.95],[38.07,64.03],[38.06,64.09],[37.98,64.21],[37.95,64.32],[37.74,64.4],[37.43,64.37],[37.18,64.41],[36.58,64.79],[36.53,64.85],[36.53,64.94],[36.65,64.94],[36.79,64.99],[36.88,65.17],[37.14,65.19],[37.53,65.11],[38.01,64.88],[38.41,64.86],[38.54,64.79],[39.05,64.71],[39.57,64.57],[39.76,64.58],[39.85,64.69],[40.06,64.77],[40.44,64.78],[40.28,65.0],[40.14,65.06],[39.8,65.35],[39.75,65.45],[39.82,65.6],[40.33,65.75],[40.69,65.96],[41.48,66.12],[41.78,66.26],[42.21,66.52],[42.6,66.42],[43.23,66.42],[43.55,66.32],[43.65,66.25],[43.55,66.17],[43.54,66.12],[43.84,66.14],[44.1,66.01],[44.15,66.11],[44.1,66.24],[44.49,66.67],[44.43,66.94],[44.29,67.1],[43.86,67.19],[43.78,67.25],[43.86,67.44],[44.23,68.0],[44.2,68.25],[44.17,68.33],[43.4,68.61],[43.33,68.67],[43.47,68.68],[44.05,68.55],[45.08,68.58],[45.89,68.48],[46.68,67.97],[46.69,67.85],[45.53,67.76],[44.94,67.48],[44.9,67.41],[44.94,67.35],[45.56,67.19],[45.89,66.89],[46.49,66.8],[47.66,66.98],[47.71,67.05],[47.77,67.28],[47.91,67.45],[47.87,67.58],[48.65,67.7],[48.83,67.68],[48.88,67.73],[48.7,67.87],[48.75,67.9],[48.95,67.85],[49.16,67.87],[49.93,68.07],[50.7,68.32],[51.99,68.54],[52.13,68.53],[52.29,68.46],[52.18,68.37],[52.4,68.35],[52.67,68.43],[52.72,68.48],[52.55,68.59],[52.34,68.61],[52.68,68.73],[53.8,69.0],[54.49,68.99],[53.8,68.91],[53.97,68.84],[53.89,68.8],[53.76,68.63],[53.92,68.54],[53.93,68.44],[53.83,68.38],[53.69,68.4],[53.34,68.34],[53.26,68.27],[53.97,68.23],[54.48,68.29],[54.72,68.18],[54.86,68.2],[54.92,68.37],[55.42,68.57],[55.68,68.58],[56.04,68.65],[57.13,68.55],[58.17,68.89],[58.24,68.83],[58.35,68.92],[59.06,69.01],[59.11,68.9],[59.37,68.74],[59.11,68.62],[59.1,68.44],[59.73,68.35],[59.86,68.4],[59.92,68.47],[59.94,68.51],[59.87,68.6],[59.9,68.71],[60.49,68.73],[60.93,68.99],[60.86,69.15],[60.66,69.11],[60.17,69.59],[60.28,69.65],[60.56,69.69],[60.91,69.85],[63.36,69.68],[64.19,69.53],[64.93,69.33],[64.9,69.25],[65.03,69.27],[65.74,69.13],[65.81,69.08],[66.42,68.95],[67.0,68.87],[67.15,68.75],[67.64,68.58],[67.73,68.51],[68.37,68.31],[68.5,68.35],[68.83,68.57],[69.14,68.95],[68.76,68.92],[68.54,68.97],[68.12,69.24],[68.07,69.42],[68.01,69.48],[67.62,69.58],[67.06,69.69],[66.96,69.66],[66.9,69.55],[66.8,69.66],[66.8,69.74],[66.93,70.01],[67.07,70.01],[67.24,70.11],[67.15,70.22],[67.28,70.74],[67.14,70.84],[66.82,70.8],[66.7,70.82],[66.67,70.9],[66.85,71.06],[66.69,71.04],[66.64,71.08],[66.77,71.14],[66.92,71.28],[67.54,71.41],[68.27,71.68],[68.61,72.01],[69.04,72.67],[69.39,72.96],[69.69,72.98],[69.65,72.9],[69.74,72.88],[71.5,72.91],[71.93,72.82],[72.45,72.79],[72.81,72.69],[72.75,72.34],[72.57,72.01],[72.28,71.7],[71.91,71.55],[71.87,71.46],[72.08,71.31],[72.58,71.15],[72.7,70.96],[72.73,70.82],[72.7,70.46],[72.47,70.27],[72.53,70.17],[72.6,69.79],[72.62,69.48],[72.56,69.38],[72.53,69.15],[72.58,68.97],[72.81,68.82],[73.55,68.57],[73.59,68.48],[73.47,68.43],[73.14,68.18],[73.17,67.97],[73.15,67.87],[73.07,67.77],[72.59,67.59],[71.85,67.01],[71.67,66.94],[71.37,66.96],[71.55,66.76],[71.54,66.68],[71.34,66.69],[70.94,66.55],[70.72,66.52],[70.38,66.6],[70.44,66.67],[70.69,66.75],[70.28,66.69],[69.88,66.85],[69.74,66.81],[69.22,66.83],[69.01,66.79],[69.19,66.58],[69.98,66.4],[70.34,66.34],[71.36,66.36],[71.92,66.25],[72.07,66.25],[72.32,66.33],[72.42,66.56],[73.51,66.86],[73.79,67.0],[73.88,67.08],[73.99,67.33],[74.07,67.41],[74.77,67.77],[74.79,67.9],[74.74,68.07],[74.63,68.22],[74.39,68.42],[74.48,68.66],[74.58,68.75],[75.12,68.86],[76.11,68.98],[76.46,68.98],[76.74,68.78],[77.11,68.6],[77.24,68.47],[77.25,67.94],[77.17,67.78],[77.77,67.57],[78.92,67.59],[78.84,67.63],[77.59,67.75],[77.52,67.91],[77.54,68.01],[77.66,68.19],[78.0,68.26],[77.91,68.48],[77.79,68.63],[77.65,68.9],[77.47,68.91],[76.64,69.12],[76.0,69.24],[75.42,69.24],[75.05,69.12],[74.81,69.09],[74.36,69.14],[73.98,69.11],[73.84,69.14],[73.78,69.2],[73.89,69.42],[73.83,69.5],[73.56,69.71],[73.58,69.8],[73.83,70.18],[74.34,70.58],[74.31,70.65],[73.58,71.22],[73.15,71.39],[73.09,71.44],[73.67,71.85],[74.49,72.0],[74.99,72.14],[75.09,72.26],[75.06,72.55],[74.79,72.81],[75.15,72.85],[75.37,72.8],[75.6,72.58],[75.59,72.46],[75.74,72.3],[75.55,72.17],[75.39,71.98],[75.27,71.96],[75.25,71.81],[75.5,71.65],[75.47,71.53],[75.28,71.43],[75.33,71.34],[75.73,71.27],[76.74,71.2],[76.93,71.13],[77.0,71.18],[77.59,71.17],[78.32,70.93],[79.02,70.95],[79.08,71.0],[78.72,70.98],[78.49,71.03],[78.21,71.27],[77.91,71.32],[77.48,71.31],[76.43,71.55],[76.31,71.6],[76.03,71.91],[76.42,72.01],[76.87,72.03],[77.55,71.84],[77.78,71.84],[78.19,71.91],[78.23,71.95],[78.14,72.04],[78.02,72.09],[77.78,72.11],[77.49,72.07],[77.41,72.11],[77.44,72.16],[77.97,72.33],[78.48,72.39],[79.42,72.38],[79.95,72.22],[80.76,72.09],[80.86,71.97],[81.66,71.72],[82.08,71.71],[82.76,71.76],[83.11,71.72],[83.23,71.67],[82.98,71.45],[82.32,71.26],[82.24,71.0],[82.34,70.81],[82.16,70.6],[82.22,70.4],[82.26,70.54],[82.45,70.69],[82.59,70.89],[82.87,70.95],[83.01,70.9],[83.05,70.82],[83.03,70.58],[82.92,70.41],[82.68,70.22],[82.86,70.1],[83.08,70.09],[83.13,70.16],[83.07,70.28],[83.5,70.35],[83.66,70.42],[83.74,70.55],[83.58,70.77],[83.15,71.1],[83.27,71.28],[83.55,71.54],[83.57,71.59],[83.53,71.68],[83.34,71.83],[83.2,71.87],[82.65,71.93],[82.32,72.07],[82.18,72.24],[82.09,72.27],[81.1,72.39],[80.83,72.49],[80.66,72.71],[80.84,72.95],[80.76,73.03],[80.51,73.09],[80.42,73.23],[80.4,73.36],[80.6,73.47],[80.56,73.51],[80.58,73.57],[81.82,73.66],[83.54,73.67],[84.74,73.76],[85.2,73.72],[85.45,73.73],[85.61,73.82],[86.89,73.89],[87.03,73.82],[86.37,73.62],[86.09,73.58],[85.83,73.49],[85.79,73.44],[85.82,73.33],[86.68,73.11],[86.72,73.13],[85.97,73.35],[85.91,73.39],[85.94,73.46],[86.38,73.57],[87.12,73.62],[87.37,73.76],[87.57,73.81],[87.21,73.88],[86.57,74.24],[86.0,74.32],[86.18,74.42],[86.4,74.45],[86.66,74.41],[86.9,74.33],[87.23,74.36],[86.43,74.59],[85.79,74.65],[85.88,74.74],[86.06,74.73],[86.2,74.82],[86.65,74.68],[86.86,74.72],[87.42,74.94],[87.47,75.01],[86.94,75.07],[86.92,75.11],[87.01,75.17],[87.17,75.19],[87.67,75.13],[88.5,75.29],[88.73,75.37],[89.31,75.47],[89.6,75.46],[90.18,75.59],[91.48,75.65],[91.85,75.72],[94.08,75.91],[94.16,75.96],[93.69,75.92],[93.57,75.96],[93.41,75.9],[93.18,75.96],[93.07,75.91],[92.89,75.91],[92.86,75.98],[92.97,76.08],[93.1,76.03],[93.26,76.1],[93.65,76.05],[94.1,76.12],[94.51,76.11],[94.58,76.15],[95.04,76.11],[95.58,76.14],[96.08,76.08],[95.99,76.01],[95.65,75.89],[95.74,75.87],[96.51,76.01],[96.6,75.99],[96.5,75.89],[97.35,76.03],[97.5,75.98],[97.64,76.03],[97.67,76.08],[97.92,76.09],[98.66,76.24],[99.56,76.11],[99.77,76.03],[99.6,75.85],[99.44,75.8],[99.54,75.8],[99.85,75.93],[99.83,76.14],[99.62,76.24],[98.81,76.48],[98.87,76.51],[99.58,76.47],[100.84,76.53],[101.6,76.44],[101.68,76.49],[100.93,76.56],[101.1,76.7],[100.92,76.82],[100.91,76.9],[100.99,76.99],[101.19,77.03],[101.52,77.2],[102.61,77.51],[103.13,77.63],[103.56,77.63],[104.01,77.73],[105.71,77.53],[105.89,77.49],[106.06,77.39],[105.73,77.35],[105.38,77.24],[104.2,77.1],[105.65,77.1],[105.71,77.0],[105.82,77.0],[106.15,77.05],[106.94,77.03],[107.28,76.99],[107.43,76.93],[106.64,76.57],[106.38,76.59],[106.41,76.51],[106.83,76.48],[107.16,76.52],[107.72,76.52],[107.9,76.57],[108.03,76.72],[108.18,76.74],[109.37,76.75],[109.98,76.71],[110.47,76.76],[111.11,76.72],[111.94,76.55],[112.09,76.48],[111.94,76.38],[112.3,76.43],[112.62,76.38],[112.68,76.22],[112.8,76.13],[112.66,76.05],[113.09,76.13],[113.15,76.17],[112.99,76.24],[113.27,76.25],[113.43,76.11],[113.56,75.89],[113.86,75.92],[113.87,75.86],[113.75,75.7],[113.57,75.57],[113.49,75.56],[113.52,75.62],[113.39,75.68],[113.13,75.7],[112.63,75.84],[112.47,75.84],[112.73,75.74],[112.96,75.57],[113.24,75.61],[113.36,75.53],[113.73,75.45],[113.61,75.29],[112.92,75.02],[112.19,74.85],[111.87,74.74],[111.3,74.66],[110.89,74.55],[110.37,74.47],[110.23,74.38],[109.84,74.32],[109.91,74.26],[109.81,74.17],[109.08,74.03],[108.2,73.69],[107.77,73.62],[107.27,73.62],[106.68,73.33],[106.19,73.31],[105.68,72.96],[105.14,72.78],[105.71,72.84],[106.07,72.95],[106.32,73.11],[106.48,73.14],[107.75,73.17],[108.29,73.27],[108.35,73.31],[109.09,73.38],[109.33,73.49],[109.86,73.47],[110.77,73.69],[110.87,73.73],[110.72,73.78],[110.09,73.71],[109.71,73.74],[109.67,73.8],[109.87,73.93],[110.26,74.02],[111.06,73.94],[111.13,74.05],[111.55,74.03],[111.23,73.97],[111.4,73.83],[112.15,73.71],[112.8,73.75],[112.94,73.84],[112.84,73.96],[113.03,73.91],[113.42,73.65],[113.16,73.46],[113.28,73.39],[113.49,73.35],[113.47,73.05],[113.37,72.94],[113.13,72.83],[113.19,72.73],[113.31,72.66],[113.66,72.63],[113.71,72.65],[113.3,72.74],[113.22,72.81],[113.54,73.05],[113.58,73.14],[113.56,73.23],[113.89,73.35],[113.54,73.43],[113.51,73.5],[114.06,73.58],[114.82,73.61],[115.34,73.7],[116.5,73.68],[117.31,73.6],[118.45,73.59],[118.87,73.54],[118.94,73.48],[118.46,73.46],[118.38,73.37],[118.43,73.25],[119.75,72.98],[120.6,72.98],[121.0,72.94],[121.75,72.97],[121.89,72.96],[122.03,72.9],[122.54,72.88],[122.75,72.91],[122.5,72.97],[122.53,73.02],[123.16,72.95],[123.3,73.0],[123.46,73.14],[123.62,73.19],[123.38,73.35],[123.32,73.43],[123.31,73.53],[123.42,73.64],[123.49,73.67],[123.8,73.63],[124.02,73.71],[124.54,73.75],[125.62,73.52],[125.6,73.45],[126.25,73.55],[126.34,73.51],[126.26,73.42],[126.29,73.39],[126.55,73.33],[126.84,73.43],[127.03,73.55],[127.74,73.48],[128.28,73.33],[128.26,73.27],[128.59,73.26],[128.89,73.19],[128.87,73.14],[128.91,73.11],[129.1,73.11],[129.05,73.05],[128.6,72.9],[129.02,72.87],[129.23,72.78],[129.25,72.71],[128.82,72.59],[128.42,72.54],[128.55,72.5],[129.12,72.49],[129.28,72.44],[129.41,72.32],[129.41,72.17],[129.28,72.09],[128.93,72.08],[127.8,72.43],[127.73,72.41],[127.84,72.31],[128.36,72.09],[128.91,71.76],[129.12,71.82],[129.15,71.88],[129.12,71.95],[129.21,71.92],[129.46,71.74],[129.23,71.74],[128.84,71.66],[128.92,71.6],[129.13,71.59],[129.76,71.12],[130.54,70.89],[130.67,70.89],[130.76,70.96],[130.83,70.94],[130.9,70.8],[131.02,70.75],[131.27,70.77],[131.56,70.9],[131.91,71.2],[132.04,71.24],[131.99,71.29],[132.0,71.35],[132.23,71.64],[132.56,71.9],[132.65,71.93],[132.8,71.77],[133.13,71.61],[133.69,71.43],[134.1,71.38],[134.7,71.39],[134.81,71.46],[135.02,71.52],[135.36,71.54],[135.56,71.61],[136.09,71.62],[137.12,71.42],[137.94,71.13],[137.99,71.14],[137.97,71.17],[137.84,71.23],[138.09,71.31],[138.31,71.33],[137.92,71.38],[138.05,71.53],[138.23,71.6],[138.53,71.56],[138.67,71.63],[138.78,71.63],[139.21,71.44],[139.98,71.49],[139.94,71.56],[139.7,71.7],[139.72,71.88],[139.36,71.95],[139.64,72.0],[139.85,72.15],[140.19,72.19],[139.62,72.23],[139.43,72.16],[139.18,72.16],[139.14,72.33],[139.6,72.5],[140.45,72.49],[141.08,72.59],[140.98,72.63],[140.97,72.72],[140.65,72.84],[140.71,72.89],[140.81,72.89],[141.31,72.86],[141.52,72.79],[142.06,72.72],[143.52,72.7],[145.2,72.57],[146.25,72.44],[146.23,72.35],[144.78,72.38],[144.59,72.31],[144.17,72.26],[144.29,72.19],[144.47,72.17],[145.04,72.26],[146.83,72.3],[146.81,72.24],[146.6,72.12],[146.11,71.94],[146.01,71.95],[146.23,72.14],[146.05,72.14],[145.76,72.23],[145.71,72.21],[145.66,72.07],[145.76,72.02],[145.76,71.94],[145.41,71.89],[145.06,71.93],[145.07,71.83],[144.99,71.75],[145.19,71.7],[145.8,71.75],[146.07,71.81],[146.89,72.2],[147.26,72.33],[148.4,72.31],[149.5,72.16],[149.96,71.99],[150.02,71.9],[149.88,71.84],[149.05,71.8],[148.92,71.71],[148.97,71.69],[149.5,71.66],[149.86,71.6],[150.06,71.51],[150.6,71.52],[150.67,71.46],[150.1,71.23],[150.97,71.38],[151.58,71.29],[152.09,71.02],[151.76,70.98],[152.51,70.83],[153.79,70.88],[154.41,70.97],[155.03,71.03],[155.6,71.04],[155.9,71.1],[157.45,71.07],[158.04,71.04],[158.7,70.94],[159.35,70.79],[159.73,70.65],[159.91,70.51],[160.01,70.31],[159.98,70.22],[159.83,70.08],[159.84,69.99],[159.73,69.87],[159.83,69.78],[160.91,69.61],[161.04,69.1],[161.31,68.98],[161.34,68.91],[161.13,68.65],[160.86,68.54],[161.1,68.56],[161.37,68.82],[161.57,68.91],[161.57,69.06],[161.48,69.2],[161.48,69.3],[161.54,69.38],[162.17,69.61],[163.2,69.71],[163.5,69.69],[163.95,69.74],[164.16,69.72],[164.51,69.61],[165.76,69.58],[166.82,69.5],[167.63,69.74],[167.86,69.73],[168.15,69.58],[168.3,69.27],[169.31,69.08],[169.41,68.92],[169.61,68.79],[170.54,68.83],[171.0,69.05],[171.0,69.13],[170.71,69.39],[170.58,69.58],[170.16,69.63],[170.5,69.86],[170.53,69.94],[170.49,70.11],[172.56,69.97],[173.28,69.82],[173.35,69.92],[173.44,69.95],[173.95,69.87],[174.79,69.86],[175.92,69.9],[176.92,69.65],[177.39,69.61],[177.93,69.5],[178.85,69.39],[178.95,69.3],[179.27,69.26],[180,68.98],[180,65.07],[179.83,65.03],[179.45,64.82],[179.15,64.78],[178.52,64.6],[178.29,64.67],[177.75,64.72],[177.18,65.01],[176.88,65.08],[176.62,65.04],[176.41,65.07],[176.34,65.05],[177.04,65.0],[177.22,64.86],[177.07,64.79],[176.83,64.85],[176.43,64.86],[176.06,64.96],[175.78,64.84],[174.55,64.68],[175.68,64.78],[176.06,64.9],[176.25,64.84],[176.35,64.71],[176.14,64.59],[176.51,64.68],[176.84,64.63],[177.05,64.72],[177.43,64.76],[177.47,64.74],[177.41,64.57],[177.43,64.44],[177.69,64.3],[178.04,64.22],[178.13,64.24],[178.23,64.36],[178.38,64.26],[178.48,64.13],[178.45,64.01],[178.65,63.97],[178.73,63.67],[178.44,63.61],[178.71,63.52],[178.68,63.4],[178.74,63.39],[178.79,63.44],[178.79,63.54],[178.92,63.4],[178.92,63.35],[179.39,63.15],[179.41,63.08],[179.26,63.01],[179.38,62.88],[179.51,62.86],[179.57,62.77],[179.57,62.69],[179.18,62.47],[179.12,62.32],[178.02,62.55],[177.29,62.6],[177.36,62.74],[177.34,62.78],[177.26,62.75],[177.02,62.78],[176.96,62.66],[177.19,62.59],[177.16,62.56],[176.7,62.51],[176.33,62.35],[175.27,62.1],[175.19,62.03],[174.72,61.95],[174.51,61.82],[174.14,61.8],[173.82,61.68],[173.62,61.72],[173.13,61.41],[172.86,61.47],[172.81,61.44],[172.91,61.31],[172.73,61.31],[172.69,61.3],[172.7,61.25],[172.58,61.19],[172.4,61.17],[172.36,61.12],[172.39,61.06],[171.92,60.86],[171.73,60.84],[170.95,60.52],[170.61,60.43],[170.59,60.34],[170.35,59.97],[170.15,59.99],[169.98,60.07],[169.9,60.15],[169.89,60.22],[169.62,60.44],[169.23,60.6],[168.14,60.57],[167.23,60.41],[166.96,60.31],[166.27,59.86],[166.19,59.85],[166.14,59.98],[166.35,60.48],[166.18,60.48],[165.94,60.36],[165.08,60.1],[165.07,59.95],[165.02,59.86],[164.95,59.84],[164.78,59.87],[164.67,60.0],[164.53,60.06],[164.38,60.06],[164.11,59.9],[164.14,59.98],[163.91,60.04],[163.74,60.03],[163.36,59.78],[163.27,59.52],[163.27,59.3],[163.08,59.13],[163.01,59.15],[162.94,59.11],[163.0,59.02],[162.97,58.99],[162.45,58.71],[162.14,58.45],[161.96,58.08],[162.04,57.92],[162.2,57.83],[162.41,57.78],[162.39,57.72],[162.47,57.77],[162.52,57.9],[162.65,57.95],[163.23,57.79],[163.19,57.64],[162.78,57.36],[162.76,57.24],[162.81,57.1],[162.8,56.81],[162.92,56.72],[163.05,56.74],[163.26,56.69],[163.24,56.56],[163.34,56.23],[163.05,56.04],[162.84,56.07],[162.63,56.23],[162.71,56.33],[162.89,56.4],[163.04,56.52],[162.88,56.48],[162.67,56.49],[162.49,56.4],[162.53,56.26],[162.08,56.09],[161.78,55.65],[161.72,55.5],[161.78,55.21],[162.08,54.89],[162.11,54.75],[161.73,54.53],[161.62,54.52],[161.29,54.52],[161.13,54.6],[160.77,54.54],[160.07,54.19],[159.92,54.01],[159.84,53.78],[159.96,53.55],[159.9,53.38],[160.0,53.27],[160.03,53.13],[159.95,53.13],[159.77,53.23],[159.59,53.24],[158.95,53.05],[158.75,52.91],[158.56,53.05],[158.47,53.03],[158.43,52.96],[158.61,52.87],[158.48,52.63],[158.49,52.38],[158.33,52.09],[158.1,51.81],[157.82,51.61],[157.53,51.48],[157.49,51.41],[157.2,51.21],[156.75,50.97],[156.67,51.23],[156.54,51.31],[156.52,51.38],[156.49,51.91],[156.36,52.51],[156.23,52.63],[156.11,52.87],[155.95,53.74],[155.71,54.52],[155.56,55.2],[155.55,55.35],[155.72,56.07],[155.98,56.7],[156.07,56.78],[156.73,57.15],[156.85,57.29],[156.98,57.47],[156.95,57.62],[156.79,57.75],[156.83,57.78],[156.99,57.83],[157.22,57.78],[157.45,57.8],[157.67,58.02],[157.97,57.99],[158.28,58.01],[158.32,58.08],[158.45,58.16],[159.21,58.52],[159.59,58.8],[159.85,59.13],[160.35,59.39],[160.55,59.55],[160.86,59.63],[161.45,60.03],[161.75,60.15],[162.07,60.47],[162.71,60.66],[162.97,60.78],[163.35,60.8],[163.71,60.92],[163.55,61.03],[163.62,61.11],[163.89,61.24],[164.01,61.34],[163.97,61.42],[163.8,61.46],[163.88,61.64],[164.02,61.71],[164.07,62.05],[164.21,62.29],[164.6,62.47],[165.21,62.37],[165.21,62.45],[165.42,62.45],[165.4,62.49],[164.79,62.57],[164.42,62.7],[163.33,62.55],[163.24,62.46],[163.3,62.37],[163.16,62.26],[163.12,62.15],[163.13,62.05],[163.02,61.89],[163.01,61.79],[163.26,61.7],[163.09,61.57],[162.99,61.54],[162.86,61.71],[162.75,61.71],[162.7,61.65],[162.39,61.66],[161.04,60.96],[160.77,60.75],[160.48,60.74],[160.17,60.64],[160.23,60.83],[160.38,61.03],[160.18,61.05],[159.88,60.94],[159.79,60.96],[159.95,61.13],[159.88,61.29],[160.25,61.65],[160.32,61.79],[160.31,61.89],[160.18,61.9],[159.55,61.72],[159.3,61.91],[159.19,61.93],[158.55,61.81],[158.33,61.83],[158.07,61.75],[157.47,61.8],[157.08,61.68],[156.68,61.48],[156.63,61.27],[156.06,61.0],[155.72,60.68],[154.97,60.38],[154.58,60.1],[154.44,59.88],[154.29,59.83],[154.27,59.66],[154.15,59.53],[154.27,59.48],[154.58,59.54],[154.97,59.45],[155.17,59.36],[155.16,59.19],[154.82,59.19],[154.7,59.14],[154.46,59.22],[154.25,59.11],[154.01,59.08],[153.7,59.22],[153.36,59.21],[153.27,59.09],[153.08,59.08],[152.82,58.93],[152.32,59.03],[152.17,59.0],[152.09,58.91],[151.7,58.87],[151.33,58.88],[151.12,59.08],[151.5,59.16],[151.99,59.16],[152.26,59.22],[152.17,59.28],[151.8,59.32],[151.49,59.52],[151.35,59.56],[151.03,59.59],[150.82,59.46],[150.62,59.51],[150.48,59.49],[150.67,59.56],[149.64,59.77],[149.42,59.76],[149.07,59.63],[149.2,59.49],[148.93,59.48],[148.8,59.53],[148.71,59.45],[148.74,59.37],[148.89,59.4],[148.96,59.37],[148.91,59.28],[148.73,59.26],[148.49,59.26],[148.26,59.41],[147.87,59.39],[147.69,59.29],[147.51,59.27],[147.04,59.37],[146.8,59.37],[146.54,59.46],[146.44,59.43],[146.27,59.22],[146.05,59.17],[145.93,59.2],[145.76,59.37],[145.55,59.41],[144.48,59.38],[143.87,59.41],[143.52,59.34],[143.19,59.37],[142.33,59.15],[142.03,59.0],[141.6,58.65],[140.99,58.42],[140.68,58.21],[140.45,57.81],[140.0,57.69],[139.86,57.55],[139.62,57.46],[139.51,57.36],[139.18,57.26],[138.97,57.09],[138.66,56.97],[138.22,56.63],[138.07,56.43],[137.69,56.14],[137.57,56.11],[137.38,55.97],[136.79,55.69],[136.46,55.58],[136.18,55.35],[135.75,55.16],[135.54,55.11],[135.26,54.94],[135.21,54.84],[135.26,54.73],[135.85,54.58],[136.8,54.62],[136.82,54.45],[136.68,53.93],[136.72,53.8],[136.8,53.78],[136.89,53.84],[137.16,53.82],[137.26,54.03],[137.1,54.13],[137.14,54.18],[137.38,54.28],[137.67,54.28],[137.51,54.16],[137.34,54.1],[137.62,53.97],[137.83,53.95],[137.64,53.87],[137.52,53.71],[137.22,53.58],[137.25,53.55],[137.74,53.56],[137.95,53.6],[138.25,53.73],[138.38,53.91],[138.53,53.96],[138.57,53.95],[138.57,53.82],[138.25,53.52],[138.45,53.54],[138.66,53.74],[138.7,53.87],[138.72,54.22],[138.66,54.3],[138.7,54.32],[139.32,54.19],[139.71,54.28],[140.18,54.05],[140.35,53.81],[140.69,53.6],[141.01,53.49],[141.02,53.45],[141.22,53.33],[141.37,53.29],[141.4,53.18],[141.18,53.02],[140.84,53.09],[141.09,52.9],[141.26,52.84],[141.25,52.55],[141.13,52.44],[141.17,52.37],[141.49,52.18],[141.39,52.06],[141.37,51.92],[140.93,51.62],[140.84,51.41],[140.69,51.23],[140.67,51.05],[140.52,50.8],[140.48,50.55],[140.54,50.13],[140.62,50.08],[140.46,49.91],[140.52,49.6],[140.31,49.05],[140.38,48.96],[140.22,48.77],[140.11,48.42],[139.37,47.89],[139.0,47.38],[138.59,47.06],[138.39,46.75],[138.34,46.54],[138.21,46.46],[138.11,46.25],[137.69,45.82],[136.8,45.17],[136.46,44.82],[136.25,44.67],[136.14,44.49],[135.87,44.37],[135.53,43.97],[135.48,43.84],[135.26,43.68],[135.13,43.53],[134.01,42.95],[133.71,42.83],[133.59,42.83],[133.16,42.7],[133.06,42.72],[133.0,42.81],[132.86,42.79],[132.71,42.88],[132.48,42.91],[132.3,42.88],[132.33,43.24],[132.31,43.31],[132.03,43.12],[131.87,43.1],[132.01,43.28],[131.94,43.3],[131.72,43.2],[131.39,42.82],[131.29,42.77],[131.16,42.63],[130.71,42.66],[130.83,42.52],[130.69,42.3]]],[[[67.77,76.24],[66.28,75.98],[63.66,75.67],[62.07,75.43],[61.62,75.32],[61.36,75.31],[60.72,75.07],[60.28,75.01],[60.24,74.97],[60.45,74.95],[60.5,74.9],[60.08,74.76],[59.75,74.75],[59.73,74.7],[59.77,74.66],[59.67,74.61],[59.24,74.69],[59.18,74.67],[59.15,74.55],[59.04,74.49],[58.93,74.46],[58.53,74.5],[58.5,74.46],[58.67,74.29],[58.62,74.23],[58.44,74.13],[57.77,74.01],[57.87,73.85],[57.76,73.77],[57.31,73.84],[57.29,73.81],[57.46,73.75],[57.54,73.66],[57.13,73.5],[56.96,73.37],[56.63,73.3],[55.55,73.36],[55.01,73.45],[54.77,73.45],[54.3,73.35],[54.13,73.48],[54.2,73.54],[53.84,73.7],[53.76,73.77],[54.39,73.94],[54.64,73.96],[55.34,74.42],[56.14,74.5],[55.66,74.56],[55.58,74.63],[55.91,74.8],[56.5,74.96],[56.34,75.01],[56.0,75.0],[55.82,75.09],[55.81,75.12],[55.92,75.17],[56.16,75.19],[56.57,75.1],[56.88,75.24],[56.81,75.33],[56.84,75.35],[57.09,75.38],[57.61,75.34],[57.78,75.51],[58.09,75.59],[58.06,75.66],[58.42,75.72],[58.88,75.85],[60.04,75.98],[60.12,76.07],[60.28,76.1],[60.94,76.07],[61.05,76.12],[61.03,76.23],[61.2,76.28],[61.57,76.3],[62.47,76.23],[62.97,76.24],[64.46,76.38],[64.95,76.48],[65.76,76.58],[66.06,76.75],[66.83,76.92],[67.65,77.01],[68.49,76.93],[68.87,76.79],[68.94,76.71],[68.86,76.61],[68.9,76.57],[68.17,76.28],[67.77,76.24]]],[[[55.32,73.31],[56.14,73.26],[56.43,73.2],[56.4,73.14],[56.19,73.03],[56.19,72.9],[56.12,72.81],[55.72,72.77],[55.7,72.67],[55.62,72.6],[55.4,72.55],[55.42,72.5],[55.36,72.47],[55.36,72.41],[55.4,72.31],[55.52,72.22],[55.3,71.94],[55.47,71.87],[55.82,71.51],[56.45,71.11],[56.89,70.93],[57.63,70.73],[57.15,70.59],[56.65,70.65],[56.51,70.73],[56.39,70.73],[56.26,70.71],[56.56,70.59],[56.43,70.56],[56.14,70.66],[56.09,70.62],[55.94,70.65],[55.8,70.62],[55.71,70.64],[55.69,70.69],[55.05,70.67],[54.65,70.74],[54.6,70.68],[53.72,70.81],[53.38,70.87],[53.61,70.91],[53.59,71.05],[53.67,71.09],[53.86,71.07],[53.83,71.13],[54.16,71.13],[53.59,71.3],[53.62,71.33],[53.41,71.34],[53.32,71.4],[53.33,71.48],[53.41,71.53],[52.91,71.5],[52.42,71.54],[51.94,71.47],[51.59,71.57],[51.44,71.78],[51.44,71.93],[51.58,72.07],[51.89,72.15],[52.25,72.13],[52.62,72.3],[52.75,72.48],[52.86,72.55],[52.82,72.59],[52.92,72.67],[52.68,72.68],[52.53,72.74],[52.55,72.77],[52.91,72.9],[53.37,72.92],[53.25,72.97],[53.19,73.1],[53.25,73.18],[53.75,73.29],[54.2,73.28],[54.8,73.39],[55.32,73.31]]],[[[35.82,65.18],[35.86,65.08],[35.84,65.0],[35.78,64.98],[35.68,65.06],[35.56,65.09],[35.53,65.15],[35.82,65.18]]],[[[42.71,66.7],[42.48,66.74],[42.46,66.77],[42.63,66.78],[42.71,66.7]]],[[[52.9,71.36],[53.07,71.24],[53.19,71.22],[53.21,71.16],[53.05,71.03],[53.12,70.98],[53.02,70.97],[52.74,71.18],[52.55,71.25],[52.29,71.27],[52.24,71.33],[52.51,71.39],[52.73,71.36],[52.73,71.4],[52.9,71.36]]],[[[47.98,45.49],[47.92,45.56],[47.95,45.65],[47.98,45.49]]],[[[50.27,69.19],[50.28,69.09],[50.22,69.05],[50.16,69.04],[50.09,69.13],[49.63,68.86],[48.91,68.74],[48.67,68.73],[48.44,68.8],[48.28,69.04],[48.32,69.27],[48.41,69.35],[48.95,69.51],[49.23,69.51],[50.17,69.26],[50.27,69.19]]],[[[60.45,69.93],[60.48,69.79],[60.44,69.73],[60.22,69.69],[59.72,69.71],[59.58,69.74],[59.58,69.79],[59.5,69.87],[59.14,69.92],[58.95,69.89],[58.68,70.05],[58.47,70.27],[58.79,70.43],[59.05,70.46],[59.64,70.2],[60.45,69.93]]],[[[20.96,55.28],[20.59,54.98],[20.89,54.91],[21.19,54.94],[21.24,55.26],[21.39,55.28],[21.55,55.2],[22.07,55.06],[22.57,55.06],[22.63,54.97],[22.82,54.87],[22.68,54.56],[22.68,54.49],[22.77,54.36],[19.6,54.46],[19.86,54.63],[19.94,54.75],[19.97,54.92],[20.11,54.96],[20.4,54.95],[20.52,54.99],[20.9,55.29],[20.96,55.28]]],[[[33.59,46.1],[33.65,46.15],[33.66,46.22],[33.81,46.21],[34.03,46.11],[34.35,46.06],[34.45,45.97],[34.69,45.98],[34.79,45.89],[34.8,45.79],[35.0,45.73],[35.26,45.45],[35.46,45.32],[35.56,45.31],[35.83,45.4],[36.01,45.37],[36.17,45.45],[36.58,45.39],[36.45,45.23],[36.39,45.07],[35.87,45.01],[35.68,45.1],[35.47,45.1],[35.36,44.98],[35.15,44.9],[35.09,44.8],[34.72,44.81],[34.47,44.72],[34.28,44.54],[34.07,44.42],[33.76,44.4],[33.45,44.55],[33.61,44.91],[33.56,45.1],[33.39,45.19],[33.19,45.19],[32.92,45.35],[32.61,45.33],[32.51,45.4],[33.14,45.75],[33.28,45.77],[33.66,45.95],[33.59,46.1]]]]}},{"type":"Feature","id":"ROU","properties":{"name":"Romania"},"geometry":{"type":"MultiPolygon","coordinates":[[[[28.21,45.45],[28.32,45.35],[28.45,45.29],[28.76,45.23],[28.78,45.31],[28.89,45.29],[29.22,45.4],[29.4,45.42],[29.57,45.37],[29.71,45.26],[29.64,44.98],[29.56,44.84],[29.05,44.76],[29.08,44.8],[29.05,44.93],[29.1,44.98],[28.98,44.99],[28.89,44.92],[28.93,44.81],[28.85,44.72],[28.81,44.57],[28.89,44.57],[28.65,44.3],[28.66,43.98],[28.59,43.74],[28.22,43.77],[28.05,43.82],[27.88,43.99],[27.74,43.96],[27.67,44.0],[27.43,44.02],[27.09,44.17],[26.49,44.08],[26.22,44.01],[25.93,43.87],[25.82,43.77],[25.5,43.67],[24.43,43.79],[24.23,43.76],[23.22,43.87],[22.92,43.83],[22.87,43.86],[22.87,43.95],[23.03,44.08],[22.69,44.25],[22.49,44.44],[22.55,44.54],[22.7,44.56],[22.73,44.57],[22.72,44.61],[22.5,44.71],[22.35,44.68],[22.2,44.56],[22.09,44.54],[22.03,44.62],[21.91,44.67],[21.64,44.71],[21.52,44.79],[21.36,44.83],[21.36,44.86],[21.53,44.9],[21.35,45.01],[21.42,45.03],[21.49,45.15],[21.02,45.32],[20.79,45.47],[20.77,45.75],[20.71,45.74],[20.58,45.87],[20.36,45.98],[20.24,46.11],[20.51,46.17],[20.61,46.13],[20.71,46.17],[20.76,46.25],[21.04,46.24],[21.12,46.28],[21.19,46.39],[21.26,46.41],[21.25,46.49],[21.32,46.61],[21.5,46.7],[21.49,46.79],[21.65,46.96],[21.66,47.04],[21.79,47.14],[21.87,47.3],[22.0,47.4],[22.0,47.51],[22.29,47.73],[22.61,47.77],[22.88,47.95],[23.05,48.01],[23.14,48.09],[23.41,47.99],[23.67,47.99],[24.18,47.91],[24.58,47.93],[24.89,47.72],[25.07,47.75],[25.17,47.82],[25.46,47.91],[26.16,47.99],[26.28,48.11],[26.31,48.2],[26.71,48.26],[26.98,48.16],[27.15,47.96],[27.34,47.64],[27.61,47.34],[27.85,47.11],[28.07,46.98],[28.24,46.64],[28.24,46.45],[28.12,46.14],[28.1,45.97],[28.16,45.65],[28.07,45.6],[28.21,45.45]]]]}},{"type":"Feature","id":"QAT","properties":{"name":"Qatar"},"geometry":{"type":"MultiPolygon","coordinates":[[[[51.27,24.61],[50.97,24.57],[50.86,24.68],[50.8,24.79],[50.85,24.89],[50.75,25.4],[51.0,25.98],[51.26,26.15],[51.54,25.9],[51.57,25.78],[51.49,25.52],[51.61,25.05],[51.43,24.67],[51.27,24.61]]]]}},{"type":"Feature","id":"PRT","properties":{"name":"Portugal"},"geometry":{"type":"MultiPolygon","coordinates":[[[[-17.19,32.87],[-17.05,32.82],[-16.93,32.84],[-16.69,32.76],[-16.84,32.65],[-17.02,32.66],[-17.23,32.77],[-17.24,32.81],[-17.19,32.87]]],[[[-8.78,41.94],[-8.59,42.05],[-8.27,42.14],[-8.21,42.13],[-8.13,42.02],[-8.22,41.9],[-8.15,41.81],[-7.92,41.88],[-7.69,41.89],[-7.4,41.83],[-7.21,41.9],[-7.15,41.98],[-6.62,41.94],[-6.56,41.87],[-6.54,41.67],[-6.31,41.64],[-6.21,41.53],[-6.69,41.21],[-6.93,41.01],[-6.84,40.78],[-6.85,40.44],[-6.81,40.34],[-7.03,40.17],[-6.9,40.02],[-6.98,39.8],[-7.04,39.71],[-7.12,39.68],[-7.54,39.66],[-7.45,39.54],[-7.34,39.47],[-7.31,39.34],[-7.17,39.14],[-7.04,39.11],[-7.0,39.06],[-7.05,38.91],[-7.28,38.71],[-7.34,38.46],[-7.11,38.18],[-6.96,38.19],[-7.02,38.04],[-7.19,38.01],[-7.44,37.73],[-7.5,37.59],[-7.41,37.18],[-7.83,37.01],[-8.14,37.08],[-8.6,37.12],[-8.85,37.08],[-8.94,37.02],[-9.0,37.03],[-8.81,37.43],[-8.79,37.73],[-8.88,37.96],[-8.8,38.18],[-8.88,38.45],[-8.67,38.42],[-8.8,38.52],[-9.21,38.45],[-9.2,38.54],[-9.25,38.66],[-9.02,38.75],[-8.98,38.8],[-9.0,38.9],[-8.94,39.0],[-8.79,39.08],[-8.95,39.02],[-9.14,38.74],[-9.36,38.7],[-9.47,38.73],[-9.41,39.11],[-9.35,39.25],[-9.37,39.34],[-9.15,39.54],[-8.84,40.12],[-8.89,40.18],[-8.87,40.26],[-8.77,40.61],[-8.68,40.75],[-8.66,41.09],[-8.81,41.56],[-8.81,41.65],[-8.76,41.7],[-8.85,41.71],[-8.89,41.76],[-8.88,41.83],[-8.78,41.94]]],[[[-25.03,36.96],[-25.16,36.94],[-25.2,37.0],[-25.08,37.02],[-25.03,36.96]]],[[[-31.14,39.41],[-31.18,39.36],[-31.28,39.39],[-31.26,39.5],[-31.2,39.52],[-31.14,39.48],[-31.14,39.41]]],[[[-27.08,38.64],[-27.3,38.66],[-27.39,38.77],[-27.26,38.8],[-27.13,38.79],[-27.04,38.74],[-27.08,38.64]]],[[[-27.78,38.56],[-28.09,38.62],[-28.31,38.74],[-27.78,38.56]]],[[[-28.64,38.52],[-28.74,38.52],[-28.84,38.6],[-28.7,38.64],[-28.61,38.55],[-28.64,38.52]]],[[[-28.15,38.45],[-28.06,38.41],[-28.23,38.38],[-28.45,38.41],[-28.55,38.52],[-28.4,38.55],[-28.15,38.45]]],[[[-25.65,37.84],[-25.18,37.84],[-25.19,37.76],[-25.25,37.74],[-25.44,37.72],[-25.73,37.76],[-25.83,37.83],[-25.85,37.89],[-25.78,37.91],[-25.65,37.84]]]]}},{"type":"Feature","id":"POL","properties":{"name":"Poland"},"geometry":{"type":"MultiPolygon","coordinates":[[[[23.61,51.52],[23.68,51.39],[23.66,51.31],[23.86,51.13],[23.99,50.94],[24.1,50.87],[24.11,50.84],[23.98,50.79],[24.09,50.62],[24.09,50.53],[23.97,50.41],[23.71,50.38],[23.04,49.9],[22.71,49.61],[22.65,49.54],[22.73,49.3],[22.71,49.17],[22.85,49.08],[22.81,49.02],[22.02,49.21],[21.89,49.34],[21.64,49.41],[21.08,49.42],[21.0,49.34],[20.87,49.31],[20.62,49.39],[20.36,49.39],[20.16,49.32],[20.06,49.18],[19.92,49.22],[19.76,49.2],[19.77,49.37],[19.63,49.41],[19.44,49.6],[19.25,49.51],[19.15,49.4],[18.97,49.4],[18.94,49.5],[18.83,49.51],[18.81,49.61],[18.59,49.76],[18.56,49.88],[18.31,49.91],[18.03,50.04],[17.83,49.98],[17.63,50.12],[17.59,50.16],[17.74,50.23],[17.7,50.31],[17.42,50.25],[17.15,50.38],[16.88,50.43],[16.99,50.24],[16.64,50.1],[16.33,50.37],[16.21,50.42],[16.42,50.57],[16.28,50.66],[16.01,50.61],[15.95,50.67],[15.73,50.74],[15.35,50.81],[15.28,50.88],[15.26,50.96],[14.99,51.01],[14.98,50.89],[14.81,50.86],[14.96,51.1],[15.02,51.25],[14.91,51.46],[14.72,51.52],[14.72,51.66],[14.6,51.83],[14.67,51.9],[14.75,52.08],[14.7,52.11],[14.68,52.25],[14.55,52.36],[14.62,52.53],[14.51,52.65],[14.13,52.88],[14.14,52.93],[14.37,53.11],[14.41,53.2],[14.41,53.28],[14.26,53.73],[14.58,53.64],[14.56,53.82],[14.21,53.87],[14.2,53.92],[14.21,53.95],[14.38,53.92],[15.29,54.14],[16.19,54.29],[16.56,54.55],[16.89,54.6],[17.26,54.73],[18.09,54.84],[18.32,54.84],[18.76,54.68],[18.8,54.63],[18.44,54.74],[18.67,54.43],[18.98,54.35],[19.41,54.39],[19.6,54.46],[22.17,54.36],[22.73,54.35],[22.89,54.39],[23.45,54.14],[23.6,53.6],[23.89,53.03],[23.9,52.7],[23.41,52.52],[23.18,52.29],[23.6,52.1],[23.65,52.04],[23.61,51.88],[23.63,51.81],[23.54,51.71],[23.54,51.62],[23.61,51.52]]]]}},{"type":"Feature","id":"PAK","properties":{"name":"Pakistan"},"geometry":{"type":"MultiPolygon","coordinates":[[[[76.77,35.66],[77.05,35.11],[77.0,34.99],[76.78,34.9],[76.7,34.79],[76.59,34.74],[76.46,34.76],[76.17,34.67],[76.04,34.67],[75.71,34.5],[75.45,34.54],[75.19,34.64],[74.95,34.65],[74.3,34.77],[73.96,34.65],[73.79,34.38],[73.81,34.33],[73.97,34.24],[73.9,34.08],[73.95,34.02],[74.25,33.99],[74.25,33.95],[74.22,33.89],[74.0,33.79],[73.98,33.72],[74.0,33.63],[74.15,33.51],[74.12,33.38],[73.99,33.24],[74.0,33.19],[74.13,33.08],[74.3,32.99],[74.33,32.86],[74.31,32.81],[74.35,32.77],[74.66,32.76],[74.64,32.61],[74.69,32.49],[74.79,32.46],[74.99,32.46],[75.23,32.37],[75.33,32.28],[75.25,32.14],[74.74,31.95],[74.56,31.82],[74.51,31.71],[74.59,31.47],[74.52,31.19],[74.54,31.13],[74.61,31.11],[74.63,31.03],[74.34,30.89],[73.9,30.44],[73.88,30.35],[73.93,30.22],[73.81,30.09],[73.38,29.93],[73.23,29.55],[72.9,29.03],[72.34,28.75],[72.13,28.35],[71.95,28.18],[71.87,27.96],[71.54,27.87],[71.18,27.83],[70.8,27.71],[70.69,27.77],[70.63,27.94],[70.49,28.02],[70.4,28.03],[70.14,27.85],[69.9,27.47],[69.54,27.12],[69.47,26.8],[69.51,26.74],[69.74,26.63],[70.06,26.58],[70.15,26.51],[70.13,26.21],[70.08,26.07],[70.1,25.91],[70.26,25.71],[70.57,25.71],[70.65,25.67],[70.65,25.42],[70.88,25.06],[71.05,24.69],[70.97,24.57],[70.97,24.49],[71.04,24.4],[70.72,24.24],[70.58,24.28],[70.55,24.42],[70.49,24.41],[70.1,24.29],[70.02,24.19],[69.81,24.17],[69.72,24.17],[69.56,24.27],[68.9,24.29],[68.83,24.26],[68.78,24.31],[68.73,24.27],[68.72,23.96],[68.28,23.93],[68.17,23.86],[68.12,23.75],[68.04,23.85],[67.95,23.83],[67.86,23.9],[67.82,23.83],[67.67,23.81],[67.65,23.92],[67.56,23.88],[67.5,23.94],[67.48,24.02],[67.31,24.17],[67.17,24.76],[66.7,24.86],[66.7,25.23],[66.57,25.38],[66.53,25.48],[66.43,25.58],[66.32,25.6],[66.22,25.59],[66.13,25.49],[66.36,25.51],[66.47,25.45],[66.23,25.46],[65.68,25.36],[65.41,25.37],[65.06,25.31],[64.78,25.31],[64.66,25.18],[64.15,25.33],[64.06,25.4],[63.94,25.34],[63.72,25.39],[63.56,25.35],[63.5,25.3],[63.49,25.21],[62.66,25.26],[62.32,25.13],[62.2,25.22],[62.09,25.16],[61.91,25.13],[61.57,25.19],[61.62,25.29],[61.66,25.75],[61.75,25.84],[61.84,26.23],[62.09,26.32],[62.13,26.37],[62.24,26.36],[62.31,26.49],[62.44,26.56],[62.79,26.64],[63.16,26.65],[63.19,26.84],[63.25,26.88],[63.24,27.08],[63.3,27.15],[63.17,27.25],[62.92,27.22],[62.76,27.25],[62.81,27.5],[62.74,28.0],[62.76,28.24],[62.56,28.24],[62.35,28.41],[61.89,28.55],[61.62,28.79],[61.34,29.26],[61.32,29.37],[60.84,29.86],[62.48,29.41],[63.57,29.5],[64.1,29.39],[64.17,29.46],[64.39,29.54],[65.1,29.56],[66.23,29.87],[66.31,29.97],[66.24,30.11],[66.31,30.32],[66.29,30.61],[66.35,30.8],[66.4,30.91],[66.6,31.02],[66.83,31.26],[66.92,31.31],[67.29,31.22],[67.45,31.23],[67.74,31.34],[67.58,31.51],[68.02,31.68],[68.16,31.8],[68.44,31.75],[68.6,31.8],[68.78,31.65],[68.87,31.63],[69.08,31.74],[69.28,31.94],[69.24,32.43],[69.41,32.68],[69.5,33.02],[69.7,33.09],[69.92,33.11],[70.26,33.29],[70.28,33.37],[70.13,33.62],[69.87,33.9],[69.89,34.01],[69.99,34.05],[70.33,33.96],[70.65,33.95],[71.05,34.05],[71.09,34.12],[71.1,34.37],[70.97,34.53],[71.29,34.87],[71.46,34.97],[71.62,35.18],[71.55,35.29],[71.6,35.41],[71.57,35.55],[71.43,35.83],[71.19,36.04],[71.23,36.12],[71.62,36.44],[71.77,36.43],[72.16,36.7],[72.62,36.83],[73.12,36.87],[73.77,36.89],[74.04,36.83],[74.6,37.04],[74.89,36.95],[75.15,36.97],[75.35,36.91],[75.42,36.74],[75.67,36.74],[75.88,36.6],[75.97,36.38],[75.97,36.17],[75.91,36.05],[76.07,35.98],[76.15,35.83],[76.25,35.81],[76.55,35.89],[76.56,35.77],[76.77,35.66]]]]}},{"type":"Feature","id":"OMN","properties":{"name":"Oman"},"geometry":{"type":"MultiPolygon","coordinates":[[[[58.72,20.22],[58.64,20.21],[58.64,20.34],[58.79,20.5],[58.88,20.68],[58.95,20.52],[58.84,20.42],[58.72,20.22]]],[[[53.09,16.65],[52.8,17.27],[52.73,17.3],[51.98,19.0],[54.98,20.0],[55.64,22.0],[55.19,22.7],[55.2,23.03],[55.51,23.72],[55.53,23.82],[55.47,23.94],[55.55,23.99],[55.99,24.06],[55.93,24.22],[55.76,24.24],[55.81,24.35],[55.77,24.49],[55.8,24.64],[55.8,24.87],[55.92,24.97],[56.0,24.95],[56.02,24.91],[55.97,24.86],[56.06,24.74],[56.39,24.98],[56.49,24.72],[56.64,24.47],[56.91,24.15],[57.12,23.98],[57.61,23.8],[58.12,23.72],[58.32,23.62],[58.58,23.64],[58.77,23.52],[59.03,23.13],[59.43,22.66],[59.54,22.58],[59.82,22.51],[59.8,22.22],[59.37,21.5],[59.07,21.29],[58.9,21.11],[58.47,20.41],[58.35,20.39],[58.21,20.42],[58.25,20.6],[58.17,20.59],[58.1,20.57],[57.86,20.24],[57.71,19.68],[57.81,19.02],[57.68,18.96],[57.18,18.9],[56.83,18.75],[56.66,18.59],[56.55,18.17],[56.38,17.99],[55.48,17.84],[55.26,17.59],[55.28,17.32],[55.06,17.04],[54.77,16.96],[54.57,17.03],[54.07,17.01],[53.61,16.76],[53.3,16.72],[53.09,16.65]]],[[[56.3,25.65],[56.25,25.63],[56.14,25.69],[56.17,26.05],[56.08,26.06],[56.16,26.21],[56.31,26.24],[56.38,26.36],[56.43,26.33],[56.42,26.11],[56.37,25.8],[56.3,25.65]]],[[[56.28,25.24],[56.21,25.21],[56.23,25.3],[56.28,25.3],[56.28,25.24]]]]}},{"type":"Feature","id":"NOR","properties":{"name":"Norway"},"geometry":{"type":"MultiPolygon","coordinates":[[[[20.62,69.04],[20.12,69.02],[20.34,68.9],[20.35,68.85],[20.32,68.75],[20.24,68.67],[19.97,68.54],[20.24,68.48],[19.97,68.36],[19.05,68.49],[18.3,68.56],[18.16,68.53],[18.18,68.2],[17.92,67.96],[17.32,68.1],[16.78,67.9],[16.57,67.62],[16.46,67.55],[16.19,67.51],[16.13,67.43],[16.43,67.16],[16.4,67.05],[15.42,66.49],[15.48,66.31],[15.04,66.17],[14.54,66.13],[14.63,65.79],[14.55,65.65],[14.48,65.3],[14.12,64.95],[13.65,64.58],[14.08,64.46],[14.15,64.26],[14.14,64.17],[14.06,64.1],[13.96,64.01],[13.2,64.08],[12.79,64],[12.18,63.6],[12.21,63.49],[12.0,63.29],[12.22,63.0],[12.11,62.92],[12.14,62.72],[12.11,62.59],[12.3,62.29],[12.16,61.72],[12.6,61.54],[12.88,61.35],[12.71,61.06],[12.29,61.0],[12.31,60.89],[12.59,60.45],[12.52,60.31],[12.49,60.11],[12.17,59.91],[11.93,59.86],[11.83,59.7],[11.68,59.59],[11.8,59.29],[11.71,59.02],[11.64,58.93],[11.47,58.91],[11.37,59.1],[10.83,59.18],[10.64,59.39],[10.6,59.76],[10.53,59.7],[10.57,59.59],[10.4,59.52],[10.41,59.46],[10.45,59.44],[10.43,59.28],[10.18,59.01],[10.08,59.03],[9.84,58.96],[9.8,59.03],[9.64,59.12],[9.56,59.11],[9.7,59.01],[9.66,58.97],[9.31,58.86],[9.4,58.81],[9.32,58.75],[9.24,58.74],[8.52,58.3],[8.17,58.15],[7.47,58.02],[7.0,58.02],[6.9,58.07],[6.91,58.14],[6.88,58.15],[6.8,58.15],[6.73,58.07],[6.59,58.1],[6.56,58.12],[6.69,58.22],[6.66,58.26],[6.39,58.27],[6.05,58.38],[5.71,58.52],[5.52,58.73],[5.56,58.98],[5.61,59.01],[6.1,58.87],[6.36,59.0],[6.1,58.95],[5.89,59.06],[5.89,59.1],[5.97,59.19],[5.95,59.3],[6.4,59.56],[5.85,59.35],[5.56,59.29],[5.36,59.17],[5.17,59.16],[5.13,59.23],[5.19,59.45],[5.3,59.64],[5.4,59.66],[5.47,59.71],[5.77,59.66],[5.87,59.73],[6.22,59.82],[5.83,59.79],[5.76,59.81],[5.73,59.86],[6.07,60.08],[6.14,60.23],[6.52,60.41],[6.57,60.36],[6.53,60.15],[6.72,60.42],[7.0,60.51],[6.35,60.42],[6.15,60.35],[5.9,60.15],[5.88,60.07],[5.7,60.01],[5.49,59.83],[5.15,59.64],[5.1,59.73],[5.12,59.83],[5.22,59.98],[5.17,60.05],[5.21,60.09],[5.49,60.07],[5.69,60.12],[5.29,60.21],[5.18,60.31],[5.14,60.45],[5.65,60.69],[5.24,60.57],[5.12,60.64],[5.05,60.71],[5.01,61.04],[5.1,61.07],[5.51,61.06],[5.98,61.12],[6.42,61.08],[6.78,61.14],[6.97,61.06],[6.98,60.99],[7.04,60.95],[7.08,60.97],[7.04,61.09],[7.6,61.21],[7.4,61.22],[7.35,61.3],[7.44,61.43],[7.33,61.37],[7.28,61.28],[7.28,61.18],[7.17,61.17],[6.66,61.21],[6.61,61.23],[6.6,61.29],[6.49,61.15],[6.38,61.13],[6.08,61.17],[5.65,61.15],[5.45,61.1],[5.11,61.19],[5.02,61.25],[5.0,61.43],[5.34,61.49],[5.17,61.54],[4.93,61.71],[4.93,61.88],[5.47,61.9],[6.02,61.79],[6.47,61.81],[6.73,61.87],[6.13,61.85],[5.47,61.95],[5.27,61.94],[5.16,61.96],[5.1,62.03],[5.14,62.16],[5.24,62.19],[5.36,62.15],[5.53,62.31],[5.91,62.42],[6.08,62.35],[6.58,62.41],[6.69,62.47],[6.14,62.41],[6.12,62.45],[6.35,62.61],[6.96,62.63],[7.57,62.55],[7.69,62.59],[7.53,62.61],[7.54,62.67],[8.1,62.73],[8.05,62.77],[7.41,62.71],[7.24,62.75],[6.73,62.72],[6.94,62.93],[7.39,63.02],[7.57,63.1],[8.1,63.09],[8.21,63.0],[8.62,62.85],[8.16,63.16],[8.18,63.24],[8.27,63.29],[8.64,63.34],[8.64,63.39],[8.59,63.43],[8.39,63.45],[8.36,63.5],[8.58,63.6],[8.84,63.65],[9.14,63.59],[9.16,63.57],[9.08,63.5],[9.08,63.46],[9.16,63.46],[9.32,63.57],[9.7,63.62],[10.02,63.39],[10.08,63.43],[10.34,63.47],[10.76,63.46],[10.67,63.56],[10.73,63.62],[11.37,63.8],[11.31,63.88],[11.18,63.9],[11.46,64.0],[11.43,64.02],[11.31,64.05],[11.08,63.99],[10.91,63.92],[11.05,63.85],[10.93,63.77],[10.06,63.51],[9.92,63.52],[9.77,63.7],[9.59,63.68],[9.57,63.71],[9.61,63.79],[9.86,63.92],[10.01,64.08],[10.24,64.18],[10.57,64.42],[10.83,64.49],[10.93,64.58],[11.23,64.68],[11.52,64.74],[11.63,64.81],[11.56,64.82],[11.3,64.75],[11.35,64.91],[11.49,64.98],[12.16,65.18],[12.31,65.09],[12.51,65.1],[12.74,65.21],[12.92,65.34],[12.42,65.18],[12.33,65.24],[12.13,65.28],[12.12,65.36],[12.27,65.57],[12.63,65.81],[12.69,65.9],[12.82,65.95],[13.03,65.96],[12.98,66.02],[12.78,66.1],[13.39,66.18],[13.67,66.18],[14.03,66.3],[13.97,66.32],[13.12,66.23],[13.07,66.43],[13.1,66.54],[13.19,66.54],[13.21,66.64],[13.62,66.79],[13.96,66.79],[13.7,66.85],[13.65,66.91],[13.88,66.96],[14.11,67.12],[14.78,67.19],[15.42,67.2],[15.43,67.25],[15.3,67.26],[14.44,67.27],[14.75,67.5],[14.96,67.57],[15.41,67.47],[15.59,67.35],[15.58,67.44],[15.69,67.52],[15.49,67.51],[15.25,67.6],[15.22,67.66],[15.35,67.73],[15.3,67.77],[14.85,67.66],[14.78,67.67],[14.82,67.75],[14.8,67.81],[15.13,67.97],[15.4,67.92],[15.62,67.95],[15.61,67.99],[15.36,68.0],[15.29,68.04],[15.32,68.07],[16.01,68.23],[16.06,68.2],[16.12,68.03],[16.26,67.89],[16.31,67.88],[16.26,68.0],[16.39,68.09],[16.26,68.14],[16.17,68.28],[16.2,68.32],[16.39,68.39],[16.62,68.41],[16.95,68.35],[17.55,68.43],[17.57,68.45],[17.43,68.48],[16.58,68.47],[16.51,68.53],[16.65,68.63],[16.88,68.69],[17.13,68.69],[17.39,68.8],[17.49,68.88],[17.55,69.0],[17.7,69.1],[18.1,69.16],[18.08,69.33],[18.26,69.47],[18.65,69.32],[18.86,69.31],[18.92,69.34],[18.62,69.43],[18.61,69.49],[18.99,69.56],[19.04,69.66],[19.2,69.75],[19.69,69.8],[19.72,69.78],[19.64,69.42],[19.96,69.82],[20.32,69.95],[20.39,69.87],[20.34,69.62],[20.04,69.36],[20.11,69.34],[20.49,69.54],[20.74,69.52],[20.56,69.63],[20.53,69.69],[20.55,69.85],[20.62,69.91],[21.16,69.89],[21.25,70.0],[21.43,70.01],[21.93,69.81],[21.97,69.83],[21.89,70.0],[21.8,70.07],[21.4,70.17],[21.36,70.23],[21.54,70.26],[21.78,70.23],[22.22,70.31],[22.32,70.26],[22.38,70.28],[22.42,70.34],[22.68,70.37],[22.94,70.3],[23.05,70.1],[23.26,69.99],[23.35,69.98],[23.4,70.02],[23.29,70.1],[23.38,70.25],[23.66,70.4],[24.04,70.49],[24.29,70.66],[24.42,70.7],[24.4,70.75],[24.27,70.77],[24.26,70.83],[24.66,71.0],[24.76,71.01],[25.26,70.84],[25.44,70.91],[25.77,70.85],[25.78,70.82],[25.27,70.55],[25.21,70.49],[25.15,70.32],[24.99,70.22],[24.98,70.14],[25.04,70.11],[25.21,70.14],[25.42,70.24],[25.47,70.34],[26.51,70.91],[26.66,70.94],[26.73,70.85],[26.68,70.74],[26.56,70.67],[26.64,70.64],[26.59,70.41],[26.99,70.51],[27.18,70.74],[27.31,70.8],[27.55,70.8],[27.56,70.83],[27.24,70.95],[27.6,71.09],[28.14,71.04],[28.39,70.98],[28.38,70.87],[28.33,70.83],[27.9,70.68],[28.22,70.7],[28.27,70.67],[28.2,70.58],[28.17,70.36],[28.19,70.25],[28.31,70.44],[28.44,70.5],[28.48,70.62],[28.61,70.76],[28.83,70.86],[29.1,70.86],[29.4,70.73],[29.64,70.71],[29.74,70.65],[30.07,70.7],[30.24,70.62],[30.21,70.54],[30.6,70.52],[30.93,70.4],[30.96,70.34],[30.94,70.27],[30.47,70.2],[30.26,70.12],[29.93,70.1],[28.78,70.15],[28.8,70.09],[29.6,69.98],[29.65,69.94],[29.64,69.78],[29.69,69.74],[30.09,69.72],[30.16,69.75],[30.18,69.84],[30.24,69.86],[30.35,69.83],[30.43,69.72],[30.48,69.79],[30.87,69.78],[30.92,69.61],[30.86,69.54],[30.62,69.53],[30.18,69.64],[30.19,69.54],[30.09,69.43],[29.39,69.3],[29.21,69.1],[28.97,69.02],[28.83,69.12],[28.85,69.18],[29.33,69.47],[29.14,69.67],[28.41,69.82],[27.89,70.06],[27.75,70.06],[27.13,69.91],[26.53,69.92],[26.07,69.69],[25.96,69.59],[25.85,69.37],[25.77,69.28],[25.75,68.99],[25.58,68.89],[25.25,68.82],[25.09,68.64],[24.94,68.59],[23.85,68.81],[23.71,68.71],[23.32,68.65],[22.41,68.72],[22.3,68.86],[21.59,69.27],[21.27,69.27],[21.07,69.21],[21.13,69.08],[21.07,69.04],[20.68,69.07],[20.62,69.04]]],[[[4.96,61.08],[4.8,61.08],[4.82,61.18],[4.92,61.2],[4.97,61.15],[4.96,61.08]]],[[[5.09,60.31],[5.09,60.19],[5.0,60.2],[4.94,60.27],[4.96,60.45],[5.05,60.39],[5.09,60.31]]],[[[29.96,69.8],[29.74,69.79],[29.84,69.91],[30.06,69.84],[29.96,69.8]]],[[[11.97,65.63],[11.9,65.6],[11.77,65.63],[11.88,65.71],[12.0,65.68],[11.97,65.63]]],[[[8.47,63.67],[8.29,63.69],[8.73,63.8],[8.81,63.77],[8.79,63.7],[8.47,63.67]]],[[[8.1,63.34],[7.89,63.35],[7.8,63.41],[8.07,63.47],[8.14,63.43],[8.14,63.37],[8.1,63.34]]],[[[23.44,70.82],[23.39,70.75],[23.07,70.59],[22.83,70.54],[22.66,70.56],[22.56,70.52],[22.36,70.51],[22.17,70.56],[21.99,70.66],[22.96,70.71],[23.2,70.82],[23.4,70.84],[23.44,70.82]]],[[[25.59,71.14],[25.95,71.1],[26.08,71.03],[26.15,71.04],[26.13,71.0],[26.0,70.98],[25.58,70.96],[25.32,71.05],[25.59,71.14]]],[[[23.62,70.55],[23.64,70.46],[23.27,70.3],[23.1,70.3],[23.09,70.38],[23.01,70.35],[22.92,70.38],[22.94,70.44],[23.02,70.49],[23.25,70.51],[23.55,70.62],[23.62,70.55]]],[[[24.02,70.57],[23.83,70.53],[23.67,70.6],[23.66,70.68],[23.69,70.72],[23.78,70.75],[23.96,70.7],[24.08,70.65],[24.02,70.57]]],[[[13.87,68.27],[14.12,68.25],[14.03,68.19],[13.5,68.05],[13.42,68.08],[13.39,68.02],[13.23,68.0],[13.2,68.09],[13.3,68.16],[13.43,68.16],[13.54,68.25],[13.87,68.27]]],[[[12.97,67.87],[12.82,67.82],[12.96,68.02],[13.07,68.07],[13.12,68.05],[13.1,67.96],[12.97,67.87]]],[[[15.21,68.94],[15.4,68.78],[15.35,68.67],[15.22,68.62],[14.89,68.61],[14.74,68.68],[14.52,68.63],[14.4,68.66],[14.37,68.71],[14.55,68.82],[14.8,68.79],[14.87,68.91],[15.04,68.89],[15.04,69.0],[15.13,69.0],[15.21,68.94]]],[[[19.77,70.22],[19.91,70.2],[20.09,70.1],[19.78,70.08],[19.6,70.27],[19.68,70.27],[19.77,70.22]]],[[[20.78,70.09],[20.64,70.06],[20.46,70.08],[20.41,70.12],[20.49,70.2],[20.65,70.23],[20.82,70.21],[20.78,70.09]]],[[[19.26,70.07],[19.34,70.01],[19.5,70.05],[19.61,70.02],[19.59,69.97],[19.33,69.82],[19.13,69.81],[19.01,69.76],[18.81,69.64],[18.78,69.58],[18.27,69.54],[18.06,69.6],[18.23,69.64],[18.35,69.77],[18.51,69.77],[18.62,69.81],[18.67,69.78],[18.69,69.89],[18.88,70.01],[19.05,70.04],[19.06,70.17],[19.13,70.24],[19.21,70.25],[19.26,70.07]]],[[[12.51,65.9],[12.43,65.9],[12.43,65.94],[12.55,66.0],[12.78,65.99],[12.51,65.9]]],[[[12.42,66.04],[12.33,66.04],[12.46,66.19],[12.53,66.21],[12.62,66.18],[12.58,66.07],[12.42,66.04]]],[[[11.23,64.87],[11.18,64.84],[10.74,64.87],[11.02,64.98],[11.13,64.98],[11.25,64.91],[11.23,64.87]]],[[[17.5,69.6],[17.62,69.54],[17.78,69.56],[18.0,69.5],[18.08,69.4],[17.94,69.33],[17.95,69.2],[17.57,69.16],[17.49,69.2],[17.08,69.01],[17.08,69.05],[16.81,69.07],[16.84,69.11],[16.97,69.14],[17.0,69.36],[17.08,69.4],[17.36,69.38],[17.39,69.42],[17.37,69.44],[17.23,69.48],[17.45,69.53],[17.5,69.6]]],[[[15.76,68.56],[15.91,68.65],[16.06,68.68],[16.13,68.75],[16.15,68.84],[16.33,68.88],[16.48,68.8],[16.55,68.72],[16.52,68.63],[16.19,68.54],[15.98,68.4],[15.76,68.41],[15.68,68.36],[15.44,68.31],[15.28,68.37],[15.19,68.31],[15.04,68.28],[14.93,68.31],[14.63,68.2],[14.26,68.19],[14.26,68.26],[14.59,68.4],[15.1,68.44],[15.41,68.62],[15.49,68.81],[15.56,68.87],[15.44,68.92],[15.48,69.04],[15.97,69.3],[16.13,69.27],[16.11,69.22],[15.81,69.02],[15.91,68.91],[15.93,68.73],[15.76,68.56]]],[[[-8.95,70.84],[-9.1,70.85],[-8.52,71.03],[-8.34,71.14],[-8.0,71.18],[-7.98,71.12],[-8.0,71.04],[-8.64,70.94],[-8.95,70.84]]],[[[19.22,74.39],[19.1,74.35],[18.8,74.49],[19.18,74.52],[19.27,74.46],[19.22,74.39]]]]}},{"type":"Feature","id":"NGA","properties":{"name":"Nigeria"},"geometry":{"type":"MultiPolygon","coordinates":[[[[13.61,13.7],[14.06,13.08],[14.2,12.38],[14.52,12.3],[14.62,12.15],[14.56,11.73],[14.58,11.53],[14.2,11.27],[13.98,11.21],[13.7,10.87],[13.54,10.61],[13.41,10.17],[13.27,10.04],[13.2,9.56],[12.93,9.43],[12.88,9.3],[12.81,8.89],[12.73,8.75],[12.58,8.62],[12.4,8.6],[12.23,8.28],[12.16,7.94],[12.03,7.73],[12.02,7.59],[11.77,7.27],[11.86,7.12],[11.58,6.89],[11.55,6.7],[11.4,6.53],[11.24,6.45],[11.11,6.46],[11.01,6.74],[10.61,7.06],[10.56,7.04],[10.48,6.89],[10.41,6.88],[10.21,6.89],[10.14,7.0],[9.78,6.76],[9.66,6.53],[9.37,6.32],[9.06,6.01],[8.94,5.78],[8.8,5.2],[8.56,4.76],[8.51,4.72],[8.43,4.75],[8.39,4.81],[8.23,4.91],[8.33,4.66],[8.29,4.56],[7.64,4.53],[7.57,4.56],[7.53,4.66],[7.46,4.56],[7.28,4.55],[7.08,4.72],[7.16,4.62],[7.15,4.51],[7.01,4.4],[6.92,4.39],[6.87,4.44],[6.82,4.65],[6.77,4.72],[6.79,4.47],[6.86,4.37],[6.63,4.34],[6.58,4.48],[6.55,4.34],[6.26,4.31],[6.27,4.43],[6.17,4.28],[5.97,4.34],[5.59,4.65],[5.38,5.13],[5.48,5.15],[5.39,5.17],[5.36,5.26],[5.37,5.34],[5.5,5.38],[5.55,5.47],[5.39,5.4],[5.2,5.53],[5.22,5.57],[5.39,5.57],[5.46,5.61],[5.35,5.62],[5.33,5.71],[5.28,5.64],[5.17,5.6],[5.11,5.64],[5.09,5.77],[4.86,6.03],[4.43,6.35],[4.13,6.41],[3.49,6.41],[3.45,6.43],[3.75,6.58],[3.72,6.6],[3.43,6.53],[3.34,6.4],[2.71,6.37],[2.77,6.71],[2.72,6.98],[2.79,7.48],[2.72,7.62],[2.69,7.87],[2.77,9.05],[3.04,9.08],[3.15,9.32],[3.14,9.45],[3.33,9.67],[3.33,9.78],[3.56,9.91],[3.6,10.0],[3.65,10.16],[3.58,10.27],[3.6,10.35],[3.68,10.43],[3.78,10.44],[3.83,10.65],[3.76,10.77],[3.72,11.08],[3.49,11.4],[3.49,11.5],[3.55,11.63],[3.66,11.76],[3.61,11.89],[3.65,12.53],[3.95,12.78],[4.04,12.93],[4.15,13.46],[4.42,13.65],[4.82,13.76],[5.24,13.76],[5.49,13.87],[6.3,13.66],[6.59,13.41],[6.8,13.11],[6.94,13.01],[7.06,13.0],[7.17,13.09],[7.36,13.11],[7.83,13.34],[8.1,13.29],[8.75,12.91],[9.2,12.82],[9.62,12.81],[9.93,13.14],[10.05,13.21],[10.48,13.33],[10.96,13.37],[11.41,13.35],[11.99,13.19],[12.12,13.09],[12.46,13.09],[12.51,13.19],[12.65,13.33],[12.87,13.45],[13.19,13.57],[13.32,13.67],[13.61,13.7]]]]}},{"type":"Feature","id":"NER","properties":{"name":"Niger"},"geometry":{"type":"MultiPolygon","coordinates":[[[[13.61,13.7],[13.32,13.67],[13.19,13.57],[12.87,13.45],[12.65,13.33],[12.51,13.19],[12.46,13.09],[12.12,13.09],[11.99,13.19],[11.41,13.35],[10.96,13.37],[10.48,13.33],[10.05,13.21],[9.93,13.14],[9.62,12.81],[9.2,12.82],[8.75,12.91],[8.1,13.29],[7.83,13.34],[7.36,13.11],[7.17,13.09],[7.06,13.0],[6.94,13.01],[6.8,13.11],[6.59,13.41],[6.3,13.66],[5.49,13.87],[5.24,13.76],[4.66,13.73],[4.42,13.65],[4.15,13.46],[4.04,12.93],[3.95,12.78],[3.65,12.53],[3.61,11.89],[3.66,11.76],[3.6,11.7],[3.45,11.85],[3.3,11.93],[2.88,12.37],[2.81,12.38],[2.65,12.3],[2.37,12.22],[2.41,12.0],[2.39,11.9],[2.07,12.31],[2.07,12.38],[2.2,12.41],[2.23,12.47],[2.1,12.7],[1.96,12.71],[1.79,12.61],[1.56,12.64],[1.1,13.0],[0.99,13.04],[0.99,13.36],[1.17,13.33],[1.2,13.36],[1.02,13.47],[0.9,13.61],[0.62,13.7],[0.37,14.08],[0.38,14.25],[0.16,14.5],[0.23,14.96],[0.95,14.98],[1.3,15.27],[3.0,15.34],[3.01,15.41],[3.06,15.43],[3.5,15.36],[3.52,15.48],[3.71,15.64],[3.82,15.67],[3.88,15.76],[4.18,16.58],[4.2,16.96],[4.23,17.0],[4.23,19.14],[5.75,19.43],[5.84,19.48],[7.48,20.87],[11.97,23.52],[13.48,23.18],[14.22,22.62],[14.98,23.0],[15.17,21.92],[15.18,21.52],[15.61,20.95],[15.54,20.87],[15.59,20.73],[15.96,20.35],[15.74,19.9],[15.47,16.91],[14.37,15.75],[13.81,14.97],[13.64,14.63],[13.45,14.38],[13.61,13.7]]]]}},{"type":"Feature","id":"NLD","properties":{"name":"Netherlands"},"geometry":{"type":"MultiPolygon","coordinates":[[[[5.99,50.75],[5.75,50.76],[5.64,50.84],[5.75,50.95],[5.82,51.09],[5.8,51.15],[5.61,51.2],[5.48,51.29],[5.21,51.28],[5.1,51.35],[5.03,51.47],[4.94,51.41],[4.85,51.4],[4.76,51.49],[4.63,51.42],[4.5,51.47],[4.38,51.43],[4.4,51.37],[4.37,51.36],[4.01,51.44],[3.82,51.41],[3.59,51.45],[3.45,51.54],[3.55,51.59],[3.74,51.6],[3.89,51.57],[4.14,51.46],[4.27,51.47],[4.0,51.6],[4.18,51.61],[3.95,51.81],[4.08,51.99],[4.21,52.06],[4.48,52.31],[4.56,52.44],[4.68,52.81],[4.77,52.94],[4.89,52.91],[5.06,52.96],[5.36,53.1],[5.53,53.27],[5.87,53.38],[6.82,53.44],[6.97,53.33],[7.2,53.28],[7.19,53.0],[7.03,52.65],[6.75,52.63],[6.71,52.62],[6.69,52.53],[6.75,52.46],[7.0,52.42],[7.04,52.38],[7.02,52.27],[6.98,52.21],[6.72,52.08],[6.72,52.04],[6.8,51.98],[6.74,51.91],[6.36,51.82],[6.17,51.88],[5.95,51.8],[6.2,51.45],[6.08,51.22],[6.13,51.15],[5.86,51.03],[6.05,50.9],[5.99,50.75]]],[[[4.23,51.39],[4.17,51.31],[3.9,51.21],[3.58,51.29],[3.43,51.25],[3.35,51.38],[3.59,51.4],[3.88,51.35],[4.01,51.4],[4.11,51.36],[4.23,51.39]]],[[[5.11,53.31],[4.91,53.25],[5.03,53.31],[5.11,53.31]]],[[[5.33,53.39],[5.19,53.39],[5.58,53.44],[5.33,53.39]]],[[[4.89,53.07],[4.79,53.0],[4.71,53.04],[4.89,53.18],[4.89,53.07]]],[[[3.95,51.74],[4.08,51.65],[3.95,51.63],[3.7,51.71],[3.79,51.75],[3.95,51.74]]],[[[6.73,53.58],[6.64,53.58],[6.75,53.63],[6.8,53.63],[6.73,53.58]]]]}},{"type":"Feature","id":"MAR","properties":{"name":"Morocco"},"geometry":{"type":"MultiPolygon","coordinates":[[[[-2.22,35.1],[-2.13,34.97],[-1.8,34.75],[-1.85,34.61],[-1.73,34.47],[-1.79,34.37],[-1.71,34.18],[-1.71,33.78],[-1.63,33.57],[-1.68,33.32],[-1.45,32.78],[-1.11,32.55],[-1.07,32.47],[-1.24,32.34],[-1.26,32.27],[-1.23,32.11],[-2.45,32.13],[-2.86,32.07],[-2.93,32.04],[-3.02,31.83],[-3.44,31.7],[-3.77,31.69],[-3.85,31.62],[-3.79,31.36],[-3.83,31.2],[-3.62,31.07],[-3.67,30.96],[-3.99,30.91],[-4.32,30.7],[-4.97,30.47],[-5.18,30.17],[-5.45,29.96],[-6.0,29.83],[-6.48,29.82],[-6.52,29.66],[-6.64,29.57],[-7.14,29.62],[-7.49,29.39],[-7.69,29.35],[-8.27,28.98],[-8.68,28.69],[-8.68,27.66],[-8.82,27.66],[-8.77,27.46],[-8.8,27.31],[-8.75,27.19],[-8.79,27.12],[-9.41,27.09],[-9.74,26.86],[-9.82,26.85],[-10.03,26.91],[-10.25,26.86],[-10.55,26.99],[-10.76,27.02],[-10.92,27.01],[-11.39,26.88],[-11.32,26.74],[-11.34,26.63],[-11.51,26.47],[-11.72,26.1],[-12.03,26.03],[-12.06,25.99],[-12.31,25.11],[-12.43,24.83],[-12.99,24.47],[-13.31,23.98],[-13.77,23.79],[-13.89,23.69],[-14.02,23.41],[-14.1,23.1],[-14.22,22.31],[-14.63,21.86],[-14.61,21.75],[-14.75,21.5],[-14.97,21.44],[-16.04,21.5],[-16.73,21.47],[-17.0,21.42],[-16.93,21.9],[-16.79,22.16],[-16.68,22.27],[-16.51,22.33],[-16.36,22.59],[-16.3,22.83],[-16.17,23.03],[-16.21,23.1],[-15.79,23.79],[-15.8,23.84],[-15.98,23.67],[-15.9,23.84],[-15.59,24.07],[-15.19,24.48],[-15.04,24.55],[-14.9,24.72],[-14.79,25.4],[-14.52,25.93],[-14.47,26.16],[-14.41,26.25],[-14.17,26.42],[-13.95,26.49],[-13.58,26.74],[-13.18,27.66],[-13.04,27.77],[-12.95,27.91],[-12.79,27.98],[-12.47,28.01],[-11.99,28.13],[-11.55,28.31],[-11.43,28.38],[-11.08,28.71],[-10.49,29.06],[-10.2,29.38],[-9.74,29.96],[-9.67,30.11],[-9.62,30.35],[-9.65,30.45],[-9.77,30.6],[-9.85,30.64],[-9.88,30.72],[-9.83,30.85],[-9.81,31.42],[-9.67,31.71],[-9.35,32.09],[-9.29,32.24],[-9.25,32.57],[-8.51,33.25],[-8.3,33.37],[-7.56,33.64],[-6.9,33.97],[-6.76,34.13],[-6.35,34.78],[-5.92,35.79],[-5.62,35.83],[-5.4,35.93],[-5.28,35.9],[-5.34,35.86],[-5.34,35.75],[-5.25,35.61],[-4.84,35.28],[-4.63,35.21],[-4.33,35.16],[-3.69,35.28],[-3.59,35.23],[-3.39,35.21],[-3.21,35.24],[-2.97,35.41],[-2.84,35.13],[-2.22,35.1]]]]}},{"type":"Feature","id":"SAH","properties":{"name":"W. Sahara"},"geometry":{"type":"MultiPolygon","coordinates":[[[[-8.82,27.66],[-8.68,27.66],[-8.68,26.0],[-12.02,26.0],[-12.02,23.47],[-12.37,23.32],[-12.62,23.27],[-13.03,23.0],[-13.15,22.82],[-13.16,22.69],[-13.09,22.5],[-13.02,21.33],[-16.96,21.33],[-17.06,20.9],[-17.05,20.81],[-17.1,20.86],[-17.0,21.42],[-16.73,21.47],[-16.04,21.5],[-14.97,21.44],[-14.75,21.5],[-14.61,21.75],[-14.63,21.86],[-14.22,22.31],[-14.1,23.1],[-14.02,23.41],[-13.89,23.69],[-13.77,23.79],[-13.31,23.98],[-12.99,24.47],[-12.43,24.83],[-12.31,25.11],[-12.06,25.99],[-12.03,26.03],[-11.72,26.1],[-11.51,26.47],[-11.34,26.63],[-11.32,26.74],[-11.39,26.88],[-10.92,27.01],[-10.76,27.02],[-10.55,26.99],[-10.25,26.86],[-10.03,26.91],[-9.82,26.85],[-9.74,26.86],[-9.41,27.09],[-8.79,27.12],[-8.75,27.19],[-8.8,27.31],[-8.77,27.46],[-8.82,27.66]]]]}},{"type":"Feature","id":"MNE","properties":{"name":"Montenegro"},"geometry":{"type":"MultiPolygon","coordinates":[[[[19.19,43.53],[19.22,43.45],[19.61,43.17],[19.94,43.08],[20.27,42.94],[20.35,42.85],[20.22,42.8],[20.19,42.75],[20.05,42.76],[20.03,42.73],[20.09,42.63],[20.07,42.56],[19.94,42.51],[19.79,42.48],[19.74,42.53],[19.73,42.63],[19.65,42.63],[19.28,42.17],[19.36,42.07],[19.34,41.87],[19.19,41.95],[19.12,42.06],[18.89,42.25],[18.63,42.38],[18.65,42.44],[18.52,42.43],[18.44,42.52],[18.44,42.56],[18.55,42.64],[18.47,42.78],[18.46,43.0],[18.62,43.03],[18.62,43.12],[18.67,43.23],[18.85,43.35],[19.03,43.29],[19.04,43.36],[18.95,43.53],[19.19,43.53]]]]}},{"type":"Feature","id":"MDA","properties":{"name":"Moldova"},"geometry":{"type":"MultiPolygon","coordinates":[[[[26.62,48.26],[26.85,48.39],[27.23,48.37],[27.55,48.48],[27.82,48.42],[28.04,48.32],[28.09,48.26],[28.29,48.24],[28.35,48.21],[28.34,48.14],[28.42,48.15],[28.46,48.09],[28.53,48.15],[28.77,48.12],[28.92,47.95],[29.13,47.96],[29.19,47.88],[29.21,47.77],[29.13,47.49],[29.54,47.27],[29.51,47.13],[29.57,46.96],[29.88,46.83],[29.94,46.72],[29.92,46.54],[30.13,46.42],[30.08,46.38],[29.84,46.35],[29.71,46.45],[29.61,46.4],[29.3,46.47],[29.2,46.38],[29.19,46.52],[28.96,46.46],[28.93,46.36],[29.01,46.18],[28.95,46.05],[28.74,45.94],[28.73,45.85],[28.49,45.67],[28.5,45.52],[28.21,45.45],[28.07,45.6],[28.16,45.65],[28.1,45.97],[28.12,46.14],[28.24,46.45],[28.24,46.64],[28.07,46.98],[27.85,47.11],[27.61,47.34],[27.34,47.64],[27.15,47.96],[26.98,48.16],[26.79,48.26],[26.62,48.26]]]]}},{"type":"Feature","id":"MCO","properties":{"name":"Monaco"},"geometry":{"type":"MultiPolygon","coordinates":[[[[7.44,43.75],[7.38,43.73],[7.4,43.77],[7.44,43.75]]]]}},{"type":"Feature","id":"MRT","properties":{"name":"Mauritania"},"geometry":{"type":"MultiPolygon","coordinates":[[[[-16.37,19.71],[-16.44,19.61],[-16.48,19.71],[-16.39,19.85],[-16.34,19.87],[-16.37,19.71]]],[[[-12.28,14.81],[-12.54,15.04],[-12.66,15.08],[-12.86,15.24],[-12.86,15.34],[-12.93,15.45],[-12.99,15.5],[-13.08,15.51],[-13.14,15.6],[-13.21,15.62],[-13.41,16.06],[-13.51,16.14],[-13.68,16.13],[-13.76,16.17],[-13.87,16.15],[-14.09,16.42],[-14.3,16.58],[-14.53,16.66],[-14.99,16.68],[-15.09,16.66],[-15.12,16.6],[-15.38,16.58],[-15.77,16.49],[-16.24,16.53],[-16.44,16.2],[-16.54,15.84],[-16.54,16.29],[-16.46,16.6],[-16.08,17.55],[-16.03,17.89],[-16.05,18.22],[-16.21,19.0],[-16.31,19.15],[-16.48,19.29],[-16.51,19.36],[-16.37,19.41],[-16.31,19.51],[-16.44,19.47],[-16.28,19.79],[-16.21,20.23],[-16.43,20.65],[-16.53,20.71],[-16.56,20.6],[-16.62,20.63],[-16.88,21.09],[-16.93,21.11],[-17.0,21.04],[-17.05,20.81],[-17.06,20.9],[-16.96,21.33],[-13.02,21.33],[-13.09,22.5],[-13.16,22.69],[-13.15,22.82],[-13.03,23.0],[-12.62,23.27],[-12.37,23.32],[-12.02,23.47],[-12.02,26.0],[-8.68,26.0],[-8.68,27.29],[-4.82,25.0],[-6.59,24.99],[-5.63,16.57],[-5.36,16.28],[-5.51,15.5],[-9.18,15.5],[-9.34,15.53],[-9.35,15.68],[-9.43,15.62],[-9.45,15.46],[-9.94,15.37],[-10.41,15.44],[-10.7,15.42],[-10.9,15.15],[-10.95,15.15],[-11.5,15.64],[-11.76,15.43],[-11.87,15.0],[-11.94,14.89],[-12.1,14.75],[-12.28,14.81]]]]}},{"type":"Feature","id":"MLT","properties":{"name":"Malta"},"geometry":{"type":"MultiPolygon","coordinates":[[[[14.57,35.85],[14.44,35.82],[14.35,35.87],[14.35,35.98],[14.45,35.96],[14.57,35.85]]],[[[14.31,36.03],[14.25,36.01],[14.18,36.06],[14.26,36.08],[14.31,36.03]]]]}},{"type":"Feature","id":"MLI","properties":{"name":"Mali"},"geometry":{"type":"MultiPolygon","coordinates":[[[[-11.39,12.4],[-11.38,12.48],[-11.45,12.56],[-11.39,12.94],[-11.63,13.37],[-11.76,13.39],[-11.83,13.32],[-12.05,13.63],[-12.04,13.73],[-11.96,13.88],[-12.02,13.97],[-12.02,14.21],[-12.23,14.46],[-12.19,14.65],[-12.28,14.81],[-12.1,14.75],[-11.94,14.89],[-11.87,15.0],[-11.76,15.43],[-11.5,15.64],[-10.95,15.15],[-10.9,15.15],[-10.7,15.42],[-10.41,15.44],[-9.94,15.37],[-9.45,15.46],[-9.43,15.62],[-9.35,15.68],[-9.34,15.53],[-9.18,15.5],[-5.51,15.5],[-5.36,16.28],[-5.63,16.57],[-6.59,24.99],[-4.82,25.0],[1.15,21.1],[1.17,20.82],[1.29,20.71],[1.61,20.56],[1.69,20.38],[1.75,20.33],[1.93,20.27],[2.22,20.25],[2.41,20.06],[2.87,19.96],[3.13,19.85],[3.2,19.79],[3.2,19.56],[3.26,19.41],[3.11,19.15],[3.12,19.1],[3.26,19.01],[3.4,18.99],[4.23,19.14],[4.23,17.0],[4.2,16.96],[4.18,16.58],[3.88,15.76],[3.82,15.67],[3.71,15.64],[3.52,15.48],[3.5,15.36],[3.06,15.43],[3.01,15.41],[3.0,15.34],[1.3,15.27],[0.95,14.98],[0.72,14.95],[0.29,14.98],[0.23,14.96],[0.22,14.91],[-0.24,15.06],[-0.41,15.01],[-0.54,15.08],[-0.67,15.07],[-0.76,15.05],[-1.05,14.82],[-1.7,14.51],[-1.97,14.46],[-2.06,14.19],[-2.11,14.17],[-2.46,14.27],[-2.59,14.23],[-2.87,13.95],[-2.93,13.79],[-2.92,13.68],[-2.95,13.65],[-3.25,13.66],[-3.3,13.28],[-3.53,13.18],[-3.95,13.4],[-4.05,13.38],[-4.33,13.12],[-4.23,12.88],[-4.23,12.79],[-4.48,12.67],[-4.42,12.58],[-4.43,12.34],[-4.7,12.08],[-5.11,11.97],[-5.29,11.83],[-5.29,11.68],[-5.23,11.52],[-5.25,11.38],[-5.35,11.13],[-5.49,11.04],[-5.46,10.77],[-5.52,10.43],[-5.69,10.43],[-5.84,10.39],[-6.03,10.19],[-6.24,10.26],[-6.19,10.4],[-6.26,10.72],[-6.43,10.67],[-6.42,10.56],[-6.56,10.59],[-6.65,10.66],[-6.69,10.35],[-6.95,10.34],[-6.99,10.25],[-6.97,10.18],[-7.02,10.14],[-7.1,10.2],[-7.36,10.26],[-7.39,10.34],[-7.5,10.44],[-7.66,10.43],[-7.81,10.24],[-7.99,10.16],[-8.01,10.32],[-8.27,10.49],[-8.34,10.99],[-8.47,11.05],[-8.61,10.99],[-8.67,11.01],[-8.4,11.37],[-8.66,11.51],[-8.71,11.62],[-8.82,11.67],[-8.82,11.92],[-9.0,12.35],[-9.12,12.45],[-9.3,12.49],[-9.4,12.46],[-9.33,12.32],[-9.36,12.26],[-9.66,12.14],[-9.71,12.04],[-9.82,12.04],[-10.27,12.21],[-10.47,12.14],[-10.62,11.94],[-10.71,11.9],[-10.93,12.21],[-11.07,12.17],[-11.21,12.02],[-11.31,12.02],[-11.5,12.2],[-11.39,12.4]]]]}},{"type":"Feature","id":"MKD","properties":{"name":"North Macedonia"},"geometry":{"type":"MultiPolygon","coordinates":[[[[21.56,42.25],[22.24,42.36],[22.34,42.31],[22.58,42.1],[22.8,42.03],[22.94,41.78],[23.0,41.74],[22.95,41.61],[22.93,41.36],[22.78,41.33],[22.72,41.18],[22.6,41.14],[21.99,41.13],[21.78,40.95],[21.58,40.87],[21.4,40.91],[21.32,40.87],[20.96,40.85],[20.93,40.9],[20.74,40.91],[20.49,41.27],[20.45,41.52],[20.52,41.57],[20.51,41.71],[20.55,41.86],[20.73,41.87],[20.78,42.07],[21.06,42.17],[21.14,42.17],[21.29,42.1],[21.39,42.22],[21.56,42.25]]]]}},{"type":"Feature","id":"LUX","properties":{"name":"Luxembourg"},"geometry":{"type":"MultiPolygon","coordinates":[[[[6.12,50.12],[6.11,50.03],[6.2,49.92],[6.32,49.84],[6.49,49.8],[6.48,49.71],[6.38,49.6],[6.34,49.45],[6.18,49.5],[6.01,49.45],[5.79,49.54],[5.88,49.64],[5.72,49.81],[5.74,49.92],[5.98,50.17],[6.12,50.12]]]]}},{"type":"Feature","id":"LTU","properties":{"name":"Lithuania"},"geometry":{"type":"MultiPolygon","coordinates":[[[[20.96,55.28],[20.9,55.29],[21.01,55.4],[21.11,55.62],[21.1,55.49],[20.96,55.28]]],[[[22.77,54.36],[22.68,54.49],[22.68,54.56],[22.82,54.87],[22.63,54.97],[22.57,55.06],[22.07,55.06],[21.55,55.2],[21.39,55.28],[21.24,55.26],[21.2,55.34],[21.24,55.46],[21.06,55.81],[21.05,56.07],[21.65,56.31],[22.08,56.41],[22.59,56.38],[22.88,56.4],[23.04,56.32],[23.2,56.37],[23.81,56.33],[24.12,56.26],[24.47,56.28],[24.84,56.41],[24.9,56.4],[25.07,56.2],[25.66,56.1],[26.09,55.9],[26.28,55.75],[26.59,55.67],[26.46,55.34],[26.78,55.27],[26.65,55.2],[26.6,55.13],[26.29,55.14],[26.18,55.0],[25.86,54.92],[25.72,54.72],[25.72,54.56],[25.55,54.33],[25.75,54.26],[25.77,54.18],[25.68,54.14],[25.51,54.16],[25.53,54.22],[25.46,54.29],[25.18,54.21],[25.05,54.13],[24.87,54.15],[24.77,53.97],[24.62,53.98],[24.32,53.89],[24.19,53.95],[23.56,53.92],[23.48,53.94],[23.45,54.14],[23.37,54.2],[23.04,54.3],[22.89,54.39],[22.77,54.36]]]]}},{"type":"Feature","id":"LIE","properties":{"name":"Liechtenstein"},"geometry":{"type":"MultiPolygon","coordinates":[[[[9.58,47.06],[9.49,47.06],[9.53,47.27],[9.61,47.11],[9.58,47.06]]]]}},{"type":"Feature","id":"LBY","properties":{"name":"Libya"},"geometry":{"type":"MultiPolygon","coordinates":[[[[9.52,30.23],[9.9,30.39],[10.22,30.78],[10.26,30.94],[10.11,31.46],[10.27,31.68],[10.48,31.74],[10.61,31.93],[10.83,32.08],[11.5,32.41],[11.53,32.52],[11.45,32.64],[11.5,33.18],[11.81,33.09],[12.28,32.86],[12.75,32.8],[13.28,32.91],[13.54,32.82],[14.16,32.71],[14.51,32.51],[15.18,32.39],[15.36,32.16],[15.36,31.97],[15.5,31.66],[15.71,31.43],[16.12,31.26],[16.78,31.21],[17.83,30.93],[18.19,30.78],[18.67,30.42],[18.94,30.29],[19.12,30.27],[19.29,30.29],[19.71,30.49],[20.01,30.8],[20.11,30.96],[20.14,31.2],[19.96,31.56],[19.93,31.82],[20.03,32.11],[20.37,32.43],[21.06,32.78],[21.42,32.8],[21.64,32.94],[22.19,32.92],[23.09,32.62],[23.13,32.45],[23.11,32.33],[23.29,32.21],[23.8,32.16],[24.13,32.01],[24.68,32.02],[24.95,31.95],[25.15,31.65],[24.85,31.33],[24.88,31.06],[24.97,30.78],[24.96,30.68],[24.88,30.46],[24.7,30.2],[24.98,29.18],[24.98,20.0],[23.98,20.0],[23.98,19.5],[15.98,23.45],[14.22,22.62],[13.48,23.18],[11.97,23.52],[11.51,24.31],[10.69,24.55],[10.44,24.48],[10.33,24.53],[10.12,24.79],[10.03,25.05],[10.0,25.33],[9.45,26.07],[9.42,26.15],[9.49,26.33],[9.86,26.55],[9.89,26.85],[9.8,27.04],[9.75,27.33],[9.92,27.79],[9.82,28.56],[9.82,29.11],[9.64,29.64],[9.31,30.12],[9.52,30.23]]]]}},{"type":"Feature","id":"LBN","properties":{"name":"Lebanon"},"geometry":{"type":"MultiPolygon","coordinates":[[[[35.98,34.63],[36.26,34.63],[36.3,34.68],[36.38,34.66],[36.43,34.61],[36.33,34.5],[36.5,34.43],[36.58,34.22],[36.46,34.06],[36.28,33.93],[36.37,33.84],[36.09,33.83],[36.02,33.78],[35.94,33.67],[36.02,33.56],[35.6,33.24],[35.58,33.27],[35.53,33.25],[35.49,33.12],[35.41,33.08],[35.11,33.08],[35.61,34.03],[35.65,34.25],[35.8,34.44],[35.98,34.55],[35.98,34.63]]]]}},{"type":"Feature","id":"LVA","properties":{"name":"Latvia"},"geometry":{"type":"MultiPolygon","coordinates":[[[[26.59,55.67],[26.28,55.75],[26.09,55.9],[25.66,56.1],[25.07,56.2],[24.9,56.4],[24.84,56.41],[24.47,56.28],[24.12,56.26],[23.81,56.33],[23.2,56.37],[23.04,56.32],[22.88,56.4],[22.59,56.38],[22.08,56.41],[21.65,56.31],[21.05,56.07],[21.01,56.26],[21.03,56.64],[21.07,56.82],[21.35,57.02],[21.46,57.32],[21.73,57.57],[22.55,57.72],[22.65,57.6],[23.14,57.32],[23.29,57.09],[23.65,56.97],[23.93,57.01],[24.38,57.25],[24.36,57.65],[24.3,57.78],[24.32,57.87],[25.11,58.06],[25.23,58.0],[25.28,58.05],[25.34,58.04],[25.79,57.87],[25.99,57.84],[26.3,57.6],[26.46,57.54],[26.97,57.61],[27.19,57.54],[27.47,57.52],[27.54,57.43],[27.83,57.29],[27.83,57.19],[27.72,57.05],[27.64,56.85],[27.85,56.85],[28.01,56.6],[28.1,56.55],[28.2,56.26],[28.15,56.14],[27.9,56.08],[27.64,55.91],[27.58,55.8],[27.05,55.83],[26.95,55.81],[26.82,55.71],[26.59,55.67]]]]}},{"type":"Feature","id":"KWT","properties":{"name":"Kuwait"},"geometry":{"type":"MultiPolygon","coordinates":[[[[48.28,29.62],[48.18,29.61],[48.08,29.8],[48.18,29.98],[48.35,29.78],[48.34,29.69],[48.28,29.62]]],[[[48.44,28.54],[47.67,28.53],[47.58,28.63],[47.43,28.99],[46.53,29.1],[46.91,29.54],[47.15,30.0],[47.33,30.08],[47.75,30.08],[47.98,29.98],[48.01,29.84],[48.14,29.57],[47.97,29.62],[47.72,29.39],[48.05,29.36],[48.18,28.98],[48.44,28.54]]]]}},{"type":"Feature","id":"KOS","properties":{"name":"Kosovo"},"geometry":{"type":"MultiPolygon","coordinates":[[[[20.34,42.83],[20.47,42.86],[20.48,42.95],[20.62,43.03],[20.66,43.1],[20.62,43.2],[20.8,43.26],[20.84,43.17],[21.06,43.09],[21.24,42.91],[21.4,42.83],[21.39,42.75],[21.75,42.65],[21.61,42.39],[21.52,42.33],[21.56,42.25],[21.39,42.22],[21.29,42.1],[21.14,42.17],[21.06,42.17],[20.78,42.07],[20.73,41.87],[20.58,41.87],[20.58,42.01],[20.49,42.22],[20.24,42.34],[20.06,42.55],[20.09,42.63],[20.03,42.73],[20.05,42.76],[20.19,42.75],[20.22,42.8],[20.34,42.83]]]]}},{"type":"Feature","id":"KAZ","properties":{"name":"Kazakhstan"},"geometry":{"type":"MultiPolygon","coordinates":[[[[50.18,44.85],[50.1,44.83],[50.0,44.94],[50.02,45.04],[50.11,45.08],[50.04,44.95],[50.18,44.85]]],[[[50.31,44.97],[50.28,44.96],[50.26,45.02],[50.35,45.08],[50.31,44.97]]],[[[52.68,45.41],[52.55,45.47],[52.61,45.53],[52.66,45.52],[52.68,45.41]]],[[[70.95,42.25],[70.72,42.17],[70.58,42.04],[70.42,42.08],[70.1,41.82],[69.66,41.67],[69.4,41.54],[69.37,41.49],[69.15,41.43],[69.06,41.37],[69.04,41.26],[68.99,41.21],[68.74,41.04],[68.58,40.88],[68.56,40.77],[68.6,40.66],[68.57,40.62],[68.42,40.62],[68.16,40.72],[68.05,40.81],[68.11,41.03],[67.94,41.2],[67.81,41.16],[66.81,41.14],[66.71,41.18],[66.6,41.49],[66.5,41.99],[66.01,42.0],[66.1,42.99],[65.8,42.88],[65.5,43.31],[65.27,43.42],[64.91,43.71],[64.44,43.55],[63.21,43.63],[61.99,43.49],[61.16,44.17],[61.01,44.39],[58.56,45.56],[55.98,44.99],[55.98,41.32],[55.55,41.26],[55.43,41.3],[55.25,41.46],[54.85,41.97],[54.12,42.34],[53.69,42.3],[53.06,42.15],[52.87,42.06],[52.49,41.78],[52.46,42.1],[52.62,42.43],[52.64,42.56],[52.6,42.76],[52.49,42.82],[52.27,42.8],[52.18,42.87],[51.9,42.87],[51.62,43.16],[51.3,43.17],[51.3,43.48],[51.06,43.75],[50.83,44.19],[50.68,44.27],[50.33,44.33],[50.28,44.36],[50.25,44.46],[50.3,44.58],[50.41,44.62],[50.86,44.63],[51.18,44.5],[51.54,44.53],[51.43,44.6],[51.31,44.62],[51.06,44.81],[51.01,44.92],[51.04,44.98],[51.25,45.12],[51.29,45.23],[51.42,45.36],[51.54,45.34],[51.73,45.4],[52.43,45.4],[52.91,45.32],[53.2,45.33],[52.84,45.5],[52.77,45.57],[53.04,45.97],[53.14,46.19],[53.11,46.41],[53.06,46.48],[53.17,46.67],[53.07,46.86],[52.92,46.95],[52.48,46.99],[52.34,46.89],[52.14,46.83],[52.01,46.9],[51.74,46.93],[51.62,47.03],[51.18,47.11],[50.92,47.04],[50.58,46.88],[50.42,46.88],[49.89,46.6],[49.35,46.52],[49.36,46.41],[49.29,46.44],[49.21,46.39],[49.23,46.34],[48.61,46.57],[48.51,46.65],[48.52,46.73],[48.61,46.77],[48.88,46.71],[48.95,46.73],[48.96,46.77],[48.55,47.32],[48.17,47.71],[48.11,47.75],[47.48,47.8],[47.29,47.74],[47.2,47.79],[47.09,47.95],[47.12,48.13],[47.06,48.23],[46.66,48.41],[46.61,48.57],[46.7,48.81],[46.96,49.04],[47.03,49.15],[47.02,49.2],[46.8,49.37],[46.82,49.5],[46.99,49.85],[47.25,50.0],[47.3,50.06],[47.33,50.27],[47.5,50.4],[47.71,50.38],[48.33,49.86],[48.43,49.83],[48.76,49.93],[48.84,50.01],[48.63,50.61],[48.81,50.6],[49.32,50.85],[49.5,51.08],[49.82,51.13],[50.31,51.32],[50.79,51.73],[51.16,51.65],[51.27,51.59],[51.3,51.5],[51.34,51.48],[51.61,51.48],[52.01,51.67],[52.22,51.71],[52.33,51.68],[52.57,51.48],[53.34,51.48],[53.53,51.4],[53.69,51.25],[53.96,51.16],[54.14,51.04],[54.42,50.78],[54.47,50.58],[54.56,50.54],[54.64,50.59],[54.65,50.66],[54.61,50.88],[54.55,50.95],[54.64,51.01],[54.87,50.94],[55.36,50.67],[55.69,50.58],[56.05,50.71],[56.14,50.84],[56.49,51.02],[56.62,50.98],[57.01,51.07],[57.18,51.04],[57.44,50.89],[57.65,50.93],[57.84,51.09],[58.36,51.06],[58.55,50.97],[58.88,50.69],[59.45,50.62],[59.52,50.58],[59.5,50.51],[59.52,50.49],[59.81,50.58],[59.96,50.8],[60.06,50.85],[60.29,50.7],[60.42,50.68],[60.94,50.7],[61.39,50.86],[61.59,51.23],[61.55,51.32],[61.36,51.44],[61.01,51.49],[60.97,51.54],[60.46,51.65],[60.39,51.77],[60.03,51.93],[60.43,52.13],[60.67,52.15],[60.99,52.34],[60.77,52.68],[60.8,52.74],[61.05,52.97],[61.4,53.0],[61.97,52.94],[62.08,53.01],[62.08,53.06],[62.01,53.11],[61.66,53.23],[61.2,53.29],[61.16,53.34],[61.23,53.45],[61.4,53.46],[61.53,53.52],[61.47,53.58],[61.25,53.55],[60.98,53.62],[61.11,53.75],[61.14,53.96],[61.23,54.02],[61.33,54.05],[61.93,53.95],[62.04,54.0],[62.5,54.01],[62.63,54.07],[63.07,54.11],[63.19,54.17],[63.85,54.24],[64.2,54.35],[64.46,54.38],[64.65,54.35],[64.93,54.4],[65.09,54.34],[65.16,54.36],[65.24,54.52],[65.48,54.62],[65.71,54.62],[65.91,54.69],[65.95,54.66],[66.22,54.67],[67.69,54.87],[67.83,54.94],[68.16,54.98],[68.24,55.05],[68.21,55.16],[68.52,55.2],[68.98,55.39],[69.49,55.36],[70.18,55.16],[70.49,55.28],[70.74,55.31],[70.91,55.13],[71.19,54.6],[71.15,54.36],[71.05,54.26],[71.09,54.21],[71.34,54.16],[72.0,54.21],[72.07,54.23],[72.11,54.31],[72.19,54.33],[72.39,54.12],[72.4,53.96],[72.45,53.94],[72.59,54.0],[72.56,54.09],[72.62,54.13],[72.91,54.11],[73.12,53.98],[73.23,53.96],[73.38,53.96],[73.67,54.06],[73.71,54.04],[73.68,53.93],[73.4,53.81],[73.31,53.71],[73.29,53.6],[73.41,53.45],[73.64,53.58],[73.86,53.62],[74.21,53.58],[74.35,53.49],[74.4,53.5],[74.45,53.65],[74.83,53.83],[75.05,53.83],[75.22,53.89],[75.38,53.97],[75.4,54.07],[75.44,54.09],[75.69,54.11],[76.27,54.31],[76.5,54.34],[76.84,54.44],[76.65,54.15],[76.42,54.15],[76.48,54.02],[76.58,53.94],[77.7,53.38],[77.86,53.27],[78.48,52.64],[79.47,51.49],[79.99,50.77],[80.07,50.76],[80.09,50.84],[80.22,50.91],[80.42,50.95],[80.45,51.18],[80.74,51.29],[80.88,51.28],[80.97,51.19],[81.13,51.19],[81.07,50.97],[81.39,50.96],[81.47,50.74],[81.93,50.77],[82.1,50.71],[82.49,50.73],[82.76,50.89],[83.02,50.9],[83.16,50.99],[83.36,50.99],[83.72,50.89],[83.95,50.77],[84.18,50.52],[84.26,50.29],[84.32,50.24],[84.61,50.2],[84.99,50.06],[85.0,49.89],[85.23,49.62],[85.93,49.55],[85.97,49.5],[86.18,49.5],[86.68,49.78],[86.73,49.75],[86.73,49.7],[86.61,49.61],[86.63,49.56],[86.71,49.56],[86.81,49.49],[87.0,49.29],[87.23,49.22],[87.32,49.09],[87.05,49.11],[86.81,49.05],[86.73,48.94],[86.76,48.86],[86.72,48.7],[86.55,48.53],[85.75,48.39],[85.63,48.2],[85.53,47.92],[85.59,47.49],[85.67,47.34],[85.66,47.25],[85.48,47.06],[85.23,47.04],[84.79,46.83],[84.67,46.97],[84.02,46.97],[83.71,47.02],[83.09,47.21],[83.03,47.19],[82.97,46.97],[82.56,46.16],[82.32,45.59],[82.33,45.52],[82.61,45.42],[82.62,45.29],[82.52,45.13],[82.27,45.22],[81.94,45.16],[81.79,45.23],[81.76,45.31],[81.69,45.35],[80.85,45.13],[80.63,45.13],[80.06,45.01],[79.87,44.88],[80.0,44.8],[80.26,44.81],[80.48,44.71],[80.38,44.66],[80.36,44.55],[80.36,44.1],[80.65,43.56],[80.7,43.43],[80.67,43.31],[80.73,43.27],[80.79,43.16],[80.75,43.1],[80.62,43.13],[80.39,43.04],[80.38,42.97],[80.54,42.91],[80.54,42.87],[80.25,42.8],[80.2,42.73],[80.16,42.63],[80.26,42.24],[80.21,42.19],[79.92,42.41],[79.43,42.48],[79.2,42.67],[79.13,42.78],[78.89,42.77],[78.52,42.86],[78.02,42.86],[77.24,42.91],[76.99,42.97],[76.51,42.92],[75.84,42.94],[75.64,42.81],[75.37,42.84],[74.82,42.98],[74.21,43.24],[74.15,43.19],[73.95,43.2],[73.89,43.13],[73.56,43.0],[73.42,42.59],[73.49,42.41],[73.28,42.5],[72.86,42.56],[72.75,42.64],[72.28,42.76],[71.76,42.82],[71.26,42.73],[71.02,42.54],[70.89,42.34],[70.95,42.25]]]]}},{"type":"Feature","id":"JOR","properties":{"name":"Jordan"},"geometry":{"type":"MultiPolygon","coordinates":[[[[35.79,32.73],[35.89,32.71],[36.06,32.53],[36.22,32.5],[36.37,32.39],[36.82,32.32],[38.77,33.37],[39.06,32.49],[38.98,32.47],[39.04,32.31],[39.25,32.35],[39.29,32.24],[38.96,31.99],[36.96,31.49],[37.98,30.5],[37.65,30.33],[37.47,30.0],[36.76,29.87],[36.48,29.5],[36.02,29.19],[34.95,29.35],[35.07,29.98],[35.14,30.14],[35.14,30.42],[35.44,31.13],[35.4,31.23],[35.47,31.56],[35.56,31.77],[35.53,31.98],[35.57,32.64],[35.79,32.73]]]]}},{"type":"Feature","id":"ITA","properties":{"name":"Italy"},"geometry":{"type":"MultiPolygon","coordinates":[[[[7.02,45.93],[7.13,45.88],[7.54,45.98],[7.79,45.92],[7.99,46.02],[8.13,46.16],[8.1,46.27],[8.42,46.45],[8.46,46.25],[8.64,46.11],[8.82,46.08],[8.78,46.0],[8.95,45.83],[9.02,45.85],[9.05,45.88],[9.0,46.01],[9.25,46.29],[9.26,46.48],[9.3,46.5],[9.43,46.48],[9.53,46.31],[9.64,46.3],[9.94,46.36],[10.08,46.23],[10.15,46.25],[10.04,46.48],[10.09,46.6],[10.2,46.62],[10.27,46.56],[10.43,46.55],[10.44,46.62],[10.4,46.67],[10.45,46.86],[10.69,46.85],[10.83,46.78],[10.99,46.78],[11.13,46.94],[11.24,46.98],[11.78,46.99],[12.17,47.08],[12.2,47.06],[12.13,46.98],[12.15,46.94],[12.39,46.7],[13.7,46.52],[13.68,46.46],[13.4,46.32],[13.38,46.26],[13.42,46.21],[13.63,46.18],[13.49,46.04],[13.49,45.99],[13.6,45.98],[13.58,45.81],[13.72,45.76],[13.87,45.61],[13.72,45.59],[13.78,45.63],[13.63,45.77],[13.47,45.71],[13.21,45.77],[13.03,45.64],[12.5,45.46],[12.43,45.47],[12.54,45.54],[12.49,45.55],[12.27,45.45],[12.23,45.24],[12.29,45.21],[12.39,45.04],[12.52,44.97],[12.46,44.85],[12.38,44.8],[12.28,44.83],[12.25,44.72],[12.3,44.43],[12.4,44.22],[12.69,43.99],[12.91,43.92],[13.3,43.69],[13.56,43.57],[13.8,43.18],[14.01,42.69],[14.18,42.51],[14.54,42.24],[14.87,42.05],[15.17,41.93],[15.96,41.94],[16.16,41.9],[16.19,41.81],[16.15,41.76],[15.91,41.62],[15.9,41.51],[16.01,41.44],[16.55,41.23],[17.1,41.06],[17.47,40.84],[17.95,40.66],[18.33,40.37],[18.46,40.22],[18.49,40.1],[18.39,39.9],[18.34,39.82],[18.08,39.94],[17.87,40.28],[17.4,40.34],[17.26,40.4],[17.18,40.5],[17.03,40.51],[16.93,40.46],[16.67,40.14],[16.53,39.86],[16.52,39.75],[16.6,39.64],[16.82,39.58],[17.11,39.38],[17.12,39.14],[17.17,39.0],[17.1,38.92],[16.95,38.94],[16.76,38.89],[16.62,38.8],[16.56,38.71],[16.55,38.41],[16.28,38.25],[16.06,37.94],[15.72,37.94],[15.65,38.03],[15.64,38.18],[15.7,38.26],[15.82,38.3],[15.9,38.48],[15.88,38.61],[15.93,38.67],[16.2,38.76],[16.21,38.94],[16.11,39.02],[16.02,39.35],[15.69,39.99],[15.59,40.05],[15.29,40.07],[14.95,40.24],[14.93,40.31],[14.99,40.38],[14.95,40.47],[14.84,40.63],[14.77,40.67],[14.34,40.6],[14.46,40.73],[14.31,40.81],[14.04,40.81],[14.05,40.87],[13.86,41.13],[13.73,41.24],[13.25,41.29],[13.09,41.24],[12.85,41.41],[12.63,41.47],[12.08,41.94],[11.81,42.08],[11.64,42.29],[11.3,42.42],[11.14,42.39],[11.1,42.42],[11.18,42.46],[11.17,42.54],[10.94,42.74],[10.8,42.8],[10.71,42.94],[10.51,42.97],[10.52,43.2],[10.45,43.37],[10.32,43.51],[10.25,43.85],[10.19,43.95],[10.05,44.02],[9.73,44.1],[9.29,44.32],[8.77,44.42],[8.55,44.35],[8.0,43.88],[7.49,43.77],[7.48,43.86],[7.68,44.08],[7.64,44.16],[7.32,44.14],[6.9,44.34],[6.84,44.51],[6.96,44.68],[7.03,44.72],[6.99,44.83],[6.74,44.92],[6.63,45.07],[6.63,45.12],[6.69,45.14],[6.84,45.14],[7.08,45.24],[7.15,45.38],[6.79,45.74],[6.8,45.81],[7.02,45.93]],[[12.49,43.9],[12.5,43.99],[12.4,43.93],[12.43,43.89],[12.49,43.9]]],[[[10.4,42.86],[10.43,42.8],[10.42,42.71],[10.34,42.76],[10.13,42.74],[10.11,42.79],[10.36,42.82],[10.4,42.86]]],[[[13.94,40.71],[13.87,40.71],[13.87,40.76],[13.96,40.74],[13.94,40.71]]],[[[12.05,36.76],[11.94,36.78],[11.94,36.83],[12.02,36.82],[12.05,36.76]]],[[[15.58,38.22],[15.23,37.78],[15.1,37.46],[15.12,37.33],[15.23,37.24],[15.17,37.21],[15.3,37.06],[15.29,37.01],[15.12,36.84],[15.11,36.69],[14.78,36.71],[14.5,36.8],[14.37,36.97],[14.26,37.05],[14.14,37.1],[13.91,37.1],[13.8,37.14],[13.17,37.48],[12.92,37.57],[12.64,37.59],[12.53,37.67],[12.44,37.82],[12.55,38.05],[12.73,38.18],[12.9,38.03],[13.05,38.08],[13.06,38.13],[13.16,38.19],[13.29,38.19],[13.79,37.98],[14.05,38.04],[14.29,38.02],[14.51,38.05],[14.79,38.17],[15.12,38.15],[15.5,38.29],[15.63,38.27],[15.58,38.22]]],[[[9.63,40.88],[9.81,40.5],[9.64,40.27],[9.71,40.02],[9.56,39.17],[9.49,39.14],[9.26,39.22],[9.15,39.2],[9.06,39.24],[9.02,39.04],[8.97,38.96],[8.88,38.91],[8.65,38.93],[8.42,39.21],[8.4,39.48],[8.45,39.56],[8.45,39.72],[8.54,39.73],[8.55,39.84],[8.5,39.9],[8.41,39.92],[8.41,40.04],[8.47,40.13],[8.47,40.29],[8.35,40.5],[8.19,40.65],[8.22,40.91],[8.36,40.85],[8.57,40.85],[8.82,40.95],[9.23,41.26],[9.28,41.2],[9.46,41.15],[9.62,41.02],[9.55,40.93],[9.63,40.88]]],[[[8.48,39.07],[8.42,38.97],[8.36,39.1],[8.48,39.07]]],[[[8.29,41.04],[8.21,41.0],[8.27,41.1],[8.34,41.1],[8.29,41.04]]]]}},{"type":"Feature","id":"ISR","properties":{"name":"Israel"},"geometry":{"type":"MultiPolygon","coordinates":[[[[35.84,33.42],[35.79,33.29],[35.89,32.94],[35.79,32.73],[35.57,32.64],[35.55,32.4],[35.48,32.4],[35.36,32.51],[35.19,32.53],[35.07,32.46],[34.96,32.16],[34.99,31.91],[34.96,31.82],[35.13,31.82],[35.2,31.75],[34.95,31.6],[34.88,31.37],[35.1,31.37],[35.45,31.48],[35.4,31.23],[35.44,31.13],[35.14,30.42],[35.14,30.14],[35.07,29.98],[34.97,29.56],[34.9,29.48],[34.25,31.21],[34.53,31.53],[34.48,31.58],[34.68,31.9],[35.11,33.08],[35.41,33.08],[35.49,33.12],[35.53,33.25],[35.58,33.27],[35.6,33.24],[35.84,33.42]]]]}},{"type":"Feature","id":"PSX","properties":{"name":"Palestine"},"geometry":{"type":"MultiPolygon","coordinates":[[[[34.48,31.58],[34.53,31.53],[34.25,31.21],[34.2,31.32],[34.48,31.58]]],[[[35.55,32.4],[35.56,31.77],[35.45,31.48],[35.1,31.37],[34.88,31.37],[34.95,31.6],[35.2,31.75],[35.13,31.82],[34.95,31.84],[34.99,31.91],[34.96,32.16],[35.07,32.46],[35.19,32.53],[35.36,32.51],[35.48,32.4],[35.55,32.4]]]]}},{"type":"Feature","id":"IRL","properties":{"name":"Ireland"},"geometry":{"type":"MultiPolygon","coordinates":[[[[-9.95,53.91],[-9.95,53.88],[-10.06,53.96],[-10.27,53.98],[-10.18,54.02],[-10.0,54.0],[-9.96,53.99],[-9.95,53.91]]],[[[-7.22,55.09],[-7.38,55.03],[-7.55,54.77],[-7.91,54.7],[-7.75,54.59],[-8.14,54.45],[-7.88,54.28],[-7.85,54.22],[-7.61,54.14],[-7.32,54.13],[-7.16,54.24],[-7.2,54.3],[-7.01,54.41],[-6.88,54.33],[-6.8,54.21],[-6.65,54.16],[-6.65,54.06],[-6.3,54.09],[-6.18,54.05],[-6.16,54.02],[-6.31,54.01],[-6.35,53.94],[-6.14,53.58],[-6.15,53.37],[-6.05,53.09],[-6.03,52.93],[-6.17,52.74],[-6.22,52.54],[-6.35,52.4],[-6.46,52.35],[-6.33,52.25],[-6.56,52.19],[-6.78,52.21],[-6.89,52.16],[-6.97,52.25],[-7.0,52.17],[-7.53,52.1],[-7.62,51.99],[-7.87,51.94],[-8.06,51.83],[-8.15,51.81],[-8.29,51.89],[-8.41,51.89],[-8.34,51.79],[-8.35,51.74],[-8.41,51.71],[-8.73,51.64],[-8.81,51.58],[-9.3,51.5],[-9.46,51.53],[-9.84,51.48],[-9.71,51.6],[-9.54,51.66],[-9.58,51.69],[-10.12,51.6],[-9.75,51.82],[-9.6,51.87],[-10.08,51.77],[-10.34,51.8],[-10.38,51.87],[-9.91,52.12],[-10.39,52.13],[-10.36,52.21],[-10.13,52.28],[-9.94,52.24],[-9.77,52.25],[-9.91,52.4],[-9.63,52.55],[-8.78,52.68],[-8.99,52.76],[-9.18,52.63],[-9.39,52.62],[-9.56,52.65],[-9.76,52.58],[-9.92,52.57],[-9.46,52.82],[-9.39,52.9],[-9.46,52.95],[-9.3,53.1],[-8.93,53.21],[-9.14,53.25],[-9.51,53.24],[-9.63,53.33],[-9.88,53.34],[-9.8,53.39],[-10.09,53.41],[-10.05,53.48],[-10.12,53.55],[-9.72,53.6],[-9.91,53.66],[-9.9,53.73],[-9.58,53.81],[-9.58,53.88],[-9.91,53.86],[-9.86,54.1],[-9.93,54.08],[-9.98,54.19],[-10.09,54.16],[-10.06,54.26],[-9.56,54.31],[-9.32,54.3],[-9.15,54.21],[-9.0,54.29],[-8.55,54.24],[-8.62,54.35],[-8.47,54.44],[-8.23,54.51],[-8.13,54.64],[-8.46,54.61],[-8.76,54.68],[-8.38,54.89],[-8.41,54.97],[-8.39,55.02],[-8.27,55.15],[-8.01,55.2],[-7.75,55.19],[-7.76,55.25],[-7.67,55.26],[-7.56,55.12],[-7.63,55.05],[-7.59,55.03],[-7.66,54.97],[-7.48,55.05],[-7.52,55.25],[-7.3,55.3],[-7.37,55.36],[-7.31,55.37],[-6.96,55.24],[-7.22,55.09]]]]}},{"type":"Feature","id":"IRQ","properties":{"name":"Iraq"},"geometry":{"type":"MultiPolygon","coordinates":[[[[42.36,37.11],[42.46,37.13],[42.77,37.37],[42.94,37.32],[43.09,37.37],[43.68,37.23],[43.84,37.22],[44.01,37.31],[44.11,37.3],[44.19,37.25],[44.2,37.05],[44.28,36.98],[44.61,37.18],[44.73,37.17],[44.88,36.8],[45.02,36.7],[45.05,36.47],[45.24,36.36],[45.36,36.02],[45.56,35.98],[45.78,35.82],[46.17,35.82],[46.27,35.77],[46.04,35.67],[46.0,35.61],[45.98,35.48],[46.11,35.32],[46.15,35.2],[46.13,35.13],[45.92,35.03],[45.68,34.8],[45.64,34.57],[45.5,34.58],[45.44,34.42],[45.54,34.22],[45.4,33.97],[45.47,33.93],[45.74,33.6],[45.88,33.61],[45.87,33.49],[45.98,33.47],[46.02,33.42],[46.15,33.23],[46.08,33.09],[46.11,32.96],[46.38,32.93],[47.12,32.47],[47.29,32.47],[47.37,32.42],[47.51,32.15],[47.83,31.79],[47.68,31.4],[47.68,31.0],[48.01,30.99],[48.01,30.47],[48.33,30.29],[48.4,30.19],[48.43,30.04],[48.55,29.96],[48.35,29.96],[48.14,30.04],[47.98,30.01],[47.98,29.98],[47.67,30.1],[47.22,30.04],[47.11,29.96],[46.91,29.54],[46.77,29.35],[46.53,29.1],[46.36,29.06],[44.72,29.19],[42.07,31.08],[40.37,31.94],[39.15,32.12],[39.29,32.24],[39.25,32.35],[39.04,32.31],[38.98,32.47],[39.06,32.49],[38.77,33.37],[40.69,34.33],[40.99,34.43],[41.19,34.77],[41.22,35.29],[41.35,35.64],[41.35,35.81],[41.25,36.07],[41.3,36.38],[41.42,36.51],[41.79,36.6],[42.35,37.06],[42.36,37.11]]]]}},{"type":"Feature","id":"IRN","properties":{"name":"Iran"},"geometry":{"type":"MultiPolygon","coordinates":[[[[56.19,26.92],[55.95,26.7],[55.85,26.73],[55.42,26.58],[55.31,26.59],[55.3,26.64],[55.76,26.81],[55.76,26.95],[55.91,26.91],[56.21,27.0],[56.28,26.95],[56.19,26.92]]],[[[53.91,37.34],[54.19,37.33],[54.7,37.47],[54.9,37.78],[55.38,38.05],[55.58,38.1],[56.27,38.08],[56.32,38.19],[56.44,38.25],[57.19,38.22],[57.31,38.13],[57.35,37.97],[57.98,37.83],[58.26,37.67],[58.39,37.64],[58.55,37.69],[58.65,37.65],[58.82,37.68],[59.3,37.51],[59.37,37.33],[59.45,37.25],[60.06,36.96],[60.34,36.64],[61.12,36.64],[61.17,36.57],[61.21,36.1],[61.15,35.98],[61.25,35.87],[61.24,35.66],[61.28,35.51],[61.19,35.31],[61.1,35.27],[61.15,35.09],[61.07,34.92],[61.08,34.86],[60.95,34.65],[60.73,34.52],[60.89,34.32],[60.64,34.31],[60.49,34.09],[60.53,33.84],[60.49,33.71],[60.57,33.59],[60.91,33.54],[60.92,33.51],[60.56,33.14],[60.58,32.99],[60.83,32.25],[60.79,31.88],[60.82,31.5],[61.66,31.38],[61.76,31.29],[61.81,31.07],[61.81,30.91],[61.78,30.83],[60.84,29.86],[61.32,29.37],[61.34,29.26],[61.62,28.79],[61.89,28.55],[62.35,28.41],[62.56,28.24],[62.76,28.24],[62.74,28.0],[62.81,27.5],[62.75,27.27],[62.92,27.22],[63.17,27.25],[63.26,27.21],[63.31,27.12],[63.24,27.08],[63.25,26.88],[63.19,26.84],[63.16,26.65],[62.79,26.64],[62.44,26.56],[62.31,26.49],[62.24,26.36],[62.13,26.37],[62.09,26.32],[61.84,26.23],[61.75,25.84],[61.66,25.75],[61.59,25.2],[61.41,25.1],[60.66,25.28],[60.59,25.41],[60.51,25.44],[60.4,25.31],[60.02,25.38],[59.9,25.36],[59.82,25.4],[59.62,25.4],[59.46,25.48],[59.05,25.42],[58.8,25.55],[58.2,25.59],[57.94,25.69],[57.8,25.65],[57.73,25.72],[57.33,25.79],[57.21,26.04],[57.2,26.16],[57.1,26.37],[57.04,26.8],[56.91,26.99],[56.73,27.13],[56.36,27.2],[56.12,27.14],[55.94,27.04],[55.65,26.98],[55.42,26.77],[55.29,26.79],[54.9,26.56],[54.76,26.51],[54.64,26.51],[54.25,26.7],[54.07,26.73],[53.71,26.73],[53.51,26.85],[53.45,26.94],[52.98,27.14],[52.69,27.32],[52.6,27.49],[52.48,27.62],[52.19,27.72],[52.03,27.82],[51.59,27.86],[51.28,28.13],[51.28,28.22],[51.09,28.51],[51.06,28.73],[50.87,28.87],[50.84,28.93],[50.88,29.06],[50.68,29.15],[50.65,29.42],[50.17,29.92],[50.07,30.2],[49.98,30.21],[49.55,30.03],[49.43,30.13],[49.03,30.33],[49.0,30.37],[49.05,30.4],[49.19,30.38],[49.25,30.41],[49.22,30.47],[49.0,30.51],[49.04,30.45],[48.92,30.4],[48.89,30.33],[48.92,30.12],[48.87,30.06],[48.67,30.03],[48.55,29.96],[48.43,30.04],[48.4,30.19],[48.33,30.29],[48.01,30.47],[48.01,30.99],[47.68,31.0],[47.68,31.4],[47.83,31.79],[47.51,32.15],[47.37,32.42],[47.29,32.47],[47.12,32.47],[46.38,32.93],[46.11,32.96],[46.08,33.09],[46.15,33.23],[46.02,33.42],[45.98,33.47],[45.87,33.49],[45.88,33.61],[45.74,33.6],[45.47,33.93],[45.4,33.97],[45.54,34.22],[45.44,34.42],[45.5,34.58],[45.64,34.57],[45.68,34.8],[45.92,35.03],[46.13,35.13],[46.15,35.2],[46.11,35.32],[45.98,35.48],[46.0,35.61],[46.04,35.67],[46.27,35.77],[46.17,35.82],[45.78,35.82],[45.56,35.98],[45.36,36.02],[45.24,36.36],[45.08,36.43],[45.03,36.53],[45.02,36.7],[44.88,36.8],[44.77,37.14],[44.79,37.29],[44.57,37.44],[44.55,37.66],[44.59,37.71],[44.34,37.87],[44.22,37.88],[44.23,37.97],[44.45,38.33],[44.3,38.39],[44.27,38.84],[44.17,38.93],[44.14,38.99],[44.18,39.14],[44.08,39.22],[44.02,39.38],[44.39,39.42],[44.46,39.67],[44.59,39.77],[44.82,39.65],[45.14,39.25],[45.48,39.01],[46.17,38.87],[46.32,38.91],[46.55,38.9],[46.85,39.15],[46.99,39.18],[47.34,39.42],[47.77,39.65],[48.0,39.68],[48.32,39.4],[48.14,39.31],[48.1,39.24],[48.13,39.17],[48.27,39.1],[48.29,39.02],[48.05,38.94],[48.0,38.85],[48.2,38.72],[48.31,38.61],[48.42,38.59],[48.59,38.41],[48.87,38.44],[48.93,38.02],[49.08,37.67],[49.37,37.52],[50.13,37.41],[50.34,37.15],[50.53,37.01],[51.12,36.74],[51.76,36.61],[52.19,36.62],[53.77,36.93],[53.92,36.93],[53.68,36.85],[53.97,36.82],[54.02,36.9],[53.91,37.34]]]]}},{"type":"Feature","id":"ISL","properties":{"name":"Iceland"},"geometry":{"type":"MultiPolygon","coordinates":[[[[-15.54,66.23],[-15.24,66.26],[-14.86,66.38],[-14.6,66.38],[-14.91,66.28],[-15.12,66.1],[-14.7,66.02],[-14.69,65.9],[-14.83,65.76],[-14.39,65.79],[-14.32,65.68],[-14.47,65.58],[-14.17,65.64],[-13.62,65.52],[-13.67,65.4],[-13.8,65.35],[-13.64,65.28],[-13.65,65.24],[-13.75,65.19],[-13.56,65.12],[-13.6,65.04],[-13.85,64.99],[-13.83,64.96],[-13.85,64.86],[-14.04,64.74],[-14.14,64.71],[-14.39,64.75],[-14.38,64.68],[-14.47,64.64],[-14.42,64.58],[-14.43,64.54],[-14.63,64.42],[-15.02,64.3],[-15.26,64.3],[-15.83,64.18],[-16.64,63.87],[-17.82,63.71],[-17.91,63.64],[-17.88,63.59],[-17.95,63.54],[-18.08,63.5],[-18.25,63.53],[-18.22,63.47],[-18.65,63.41],[-20.2,63.56],[-20.49,63.69],[-20.47,63.75],[-20.36,63.76],[-20.41,63.81],[-20.65,63.74],[-20.73,63.79],[-21.14,63.89],[-21.16,63.91],[-21.11,63.94],[-21.25,63.94],[-21.45,63.86],[-22.65,63.83],[-22.74,64.02],[-22.7,64.08],[-22.51,63.99],[-22.19,64.04],[-21.87,64.18],[-21.67,64.35],[-21.46,64.38],[-21.65,64.4],[-22.05,64.31],[-21.9,64.39],[-22.0,64.41],[-21.95,64.51],[-21.59,64.63],[-21.67,64.65],[-22.11,64.53],[-22.32,64.62],[-22.25,64.73],[-22.47,64.79],[-23.35,64.82],[-23.82,64.74],[-24.03,64.86],[-23.92,64.92],[-23.35,64.95],[-23.2,65.0],[-23.11,64.97],[-22.79,65.05],[-21.89,65.05],[-21.8,65.11],[-21.78,65.19],[-22.04,65.13],[-22.51,65.2],[-21.84,65.45],[-22.01,65.49],[-22.31,65.48],[-22.39,65.54],[-22.64,65.57],[-22.81,65.55],[-22.9,65.58],[-23.9,65.41],[-24.48,65.53],[-24.25,65.61],[-23.86,65.54],[-24.01,65.62],[-24.02,65.69],[-24.11,65.76],[-24.09,65.78],[-23.91,65.77],[-23.62,65.68],[-23.29,65.75],[-23.7,65.78],[-23.83,65.85],[-23.74,65.88],[-23.52,65.88],[-23.78,66.02],[-23.74,66.07],[-23.43,66.02],[-23.6,66.11],[-23.45,66.18],[-23.06,66.09],[-23.02,65.98],[-22.66,66.03],[-22.61,65.98],[-22.62,65.87],[-22.44,65.91],[-22.45,66.07],[-22.95,66.21],[-22.86,66.25],[-22.48,66.27],[-22.69,66.34],[-23.12,66.34],[-22.89,66.44],[-22.43,66.43],[-21.41,66.03],[-21.52,65.97],[-21.31,65.9],[-21.37,65.74],[-21.46,65.7],[-21.66,65.72],[-21.47,65.64],[-21.43,65.61],[-21.46,65.58],[-21.36,65.58],[-21.43,65.47],[-21.23,65.42],[-21.13,65.27],[-20.94,65.57],[-20.8,65.64],[-20.68,65.66],[-20.55,65.58],[-20.45,65.57],[-20.36,65.72],[-20.36,66.03],[-20.21,66.1],[-20.03,66.05],[-19.65,65.8],[-19.49,65.77],[-19.43,65.81],[-19.46,65.98],[-19.38,66.08],[-18.85,66.18],[-18.28,65.88],[-18.14,65.73],[-18.1,65.83],[-18.32,66.09],[-18.3,66.16],[-17.91,66.14],[-17.55,65.96],[-17.15,66.2],[-16.84,66.13],[-16.49,66.2],[-16.43,66.28],[-16.54,66.45],[-16.25,66.52],[-15.99,66.51],[-15.71,66.36],[-15.7,66.29],[-15.54,66.23]]]]}},{"type":"Feature","id":"HUN","properties":{"name":"Hungary"},"geometry":{"type":"MultiPolygon","coordinates":[[[[22.13,48.41],[22.25,48.41],[22.35,48.26],[22.52,48.21],[22.58,48.13],[22.77,48.11],[22.86,48.03],[22.88,47.95],[22.61,47.77],[22.29,47.73],[22.0,47.51],[22.0,47.4],[21.87,47.3],[21.79,47.14],[21.66,47.04],[21.65,46.96],[21.49,46.79],[21.5,46.7],[21.32,46.61],[21.25,46.49],[21.26,46.41],[21.19,46.39],[21.15,46.3],[21.04,46.24],[20.84,46.26],[20.76,46.25],[20.71,46.17],[20.61,46.13],[20.51,46.17],[20.24,46.11],[20.16,46.14],[19.61,46.17],[19.28,46.0],[19.09,46.02],[18.93,45.93],[18.67,45.91],[18.56,45.81],[18.44,45.77],[17.96,45.77],[17.81,45.79],[17.61,45.91],[17.31,46.0],[17.24,46.08],[16.94,46.25],[16.87,46.34],[16.52,46.5],[16.38,46.64],[16.28,46.86],[16.09,46.86],[16.25,46.97],[16.45,47.01],[16.49,47.12],[16.44,47.15],[16.42,47.22],[16.46,47.27],[16.44,47.4],[16.62,47.45],[16.68,47.54],[16.64,47.61],[16.42,47.67],[16.59,47.75],[16.79,47.68],[17.07,47.71],[17.03,47.84],[17.15,48.01],[17.32,47.99],[17.76,47.77],[18.72,47.79],[18.78,47.85],[18.75,47.94],[18.79,48.0],[18.91,48.05],[19.47,48.11],[19.56,48.21],[19.63,48.22],[19.9,48.13],[19.95,48.15],[20.33,48.3],[20.49,48.53],[20.87,48.55],[21.07,48.51],[21.45,48.55],[21.72,48.35],[22.13,48.41]]]]}},{"type":"Feature","id":"GNB","properties":{"name":"Guinea-Bissau"},"geometry":{"type":"MultiPolygon","coordinates":[[[[-16.71,12.35],[-16.52,12.35],[-16.14,12.46],[-15.84,12.44],[-15.57,12.49],[-15.2,12.68],[-13.73,12.67],[-13.73,12.59],[-13.67,12.48],[-13.71,12.31],[-13.76,12.26],[-13.95,12.22],[-13.95,12.18],[-13.74,12.01],[-13.73,11.74],[-13.95,11.66],[-14.27,11.66],[-14.45,11.56],[-14.68,11.51],[-14.78,11.41],[-15.04,10.94],[-15.09,11.01],[-15.05,11.14],[-15.22,11.03],[-15.22,11.16],[-15.32,11.15],[-15.39,11.22],[-15.39,11.33],[-15.35,11.4],[-15.48,11.41],[-15.43,11.5],[-15.07,11.6],[-15.12,11.66],[-15.23,11.69],[-15.41,11.62],[-15.5,11.72],[-15.47,11.84],[-15.21,11.87],[-15.1,11.91],[-15.08,11.97],[-15.19,11.93],[-15.43,11.94],[-15.82,11.76],[-15.94,11.79],[-15.92,11.94],[-15.96,11.96],[-16.14,11.92],[-16.27,11.98],[-16.33,12.05],[-16.32,12.14],[-16.24,12.24],[-16.44,12.2],[-16.71,12.35]]]]}},{"type":"Feature","id":"GIN","properties":{"name":"Guinea"},"geometry":{"type":"MultiPolygon","coordinates":[[[[-10.28,8.49],[-10.39,8.48],[-10.56,8.32],[-10.71,8.34],[-10.63,8.53],[-10.5,8.69],[-10.61,8.87],[-10.62,9.06],[-10.75,9.1],[-10.69,9.31],[-11.21,9.98],[-11.91,9.99],[-11.92,9.92],[-12.14,9.88],[-12.28,9.93],[-12.43,9.9],[-12.5,9.86],[-12.76,9.37],[-12.83,9.3],[-12.96,9.26],[-13.03,9.1],[-13.13,9.05],[-13.29,9.05],[-13.27,9.17],[-13.4,9.31],[-13.44,9.42],[-13.57,9.54],[-13.69,9.54],[-13.66,9.64],[-13.69,9.93],[-13.75,9.87],[-13.82,9.89],[-13.95,9.97],[-14.05,10.14],[-14.17,10.13],[-14.43,10.25],[-14.61,10.55],[-14.59,10.77],[-14.68,10.69],[-14.78,10.93],[-14.89,10.97],[-14.97,10.8],[-15.05,10.83],[-15.04,10.94],[-14.78,11.41],[-14.68,11.51],[-14.45,11.56],[-14.27,11.66],[-13.95,11.66],[-13.73,11.74],[-13.74,12.01],[-13.95,12.18],[-13.95,12.22],[-13.76,12.26],[-13.71,12.31],[-13.67,12.48],[-13.73,12.59],[-13.73,12.67],[-13.08,12.63],[-13.06,12.49],[-13.01,12.48],[-12.93,12.53],[-12.8,12.45],[-12.4,12.34],[-12.29,12.33],[-12.04,12.4],[-11.39,12.4],[-11.5,12.2],[-11.31,12.02],[-11.21,12.02],[-11.07,12.17],[-10.93,12.21],[-10.71,11.9],[-10.62,11.94],[-10.47,12.14],[-10.27,12.21],[-9.75,12.03],[-9.66,12.14],[-9.36,12.26],[-9.33,12.32],[-9.4,12.46],[-9.22,12.48],[-9.04,12.4],[-8.82,11.92],[-8.82,11.67],[-8.71,11.62],[-8.66,11.51],[-8.4,11.37],[-8.67,11.01],[-8.61,10.99],[-8.47,11.05],[-8.34,10.99],[-8.27,10.49],[-7.99,10.28],[-7.99,10.16],[-8.16,9.97],[-8.14,9.5],[-8.03,9.4],[-7.9,9.42],[-7.92,9.19],[-7.78,9.08],[-7.94,8.98],[-7.95,8.79],[-7.78,8.72],[-7.72,8.64],[-7.68,8.41],[-7.74,8.38],[-7.82,8.47],[-8.21,8.48],[-8.26,8.25],[-8.05,8.17],[-8.01,8.08],[-8.13,7.87],[-8.12,7.76],[-8.21,7.59],[-8.23,7.56],[-8.43,7.6],[-8.49,7.56],[-8.58,7.68],[-8.66,7.69],[-8.71,7.66],[-8.74,7.5],[-8.89,7.26],[-8.96,7.27],[-9.12,7.22],[-9.26,7.38],[-9.46,7.42],[-9.38,7.57],[-9.37,7.7],[-9.45,7.91],[-9.52,8.35],[-9.68,8.48],[-9.74,8.45],[-9.78,8.54],[-10.06,8.43],[-10.1,8.51],[-10.15,8.52],[-10.28,8.49]]]]}},{"type":"Feature","id":"GRC","properties":{"name":"Greece"},"geometry":{"type":"MultiPolygon","coordinates":[[[[27.86,36.55],[27.84,36.54],[27.79,36.61],[27.86,36.64],[27.86,36.55]]],[[[20.61,38.38],[20.62,38.27],[20.7,38.25],[20.79,38.14],[20.76,38.07],[20.61,38.12],[20.52,38.11],[20.45,38.23],[20.35,38.18],[20.41,38.34],[20.52,38.33],[20.56,38.47],[20.61,38.38]]],[[[20.89,37.81],[20.99,37.71],[20.91,37.73],[20.82,37.66],[20.62,37.86],[20.69,37.93],[20.76,37.85],[20.89,37.81]]],[[[20.69,38.61],[20.55,38.58],[20.59,38.76],[20.69,38.84],[20.71,38.64],[20.69,38.61]]],[[[20.76,38.33],[20.71,38.32],[20.62,38.48],[20.7,38.45],[20.76,38.33]]],[[[20.08,39.43],[20.1,39.38],[19.88,39.46],[19.65,39.77],[19.84,39.82],[19.93,39.77],[19.85,39.67],[19.9,39.62],[19.96,39.47],[20.08,39.43]]],[[[23.42,38.96],[23.52,38.81],[23.88,38.69],[24.13,38.65],[24.2,38.54],[24.19,38.46],[24.28,38.22],[24.36,38.16],[24.56,38.15],[24.58,38.02],[24.5,37.97],[24.36,38.02],[24.21,38.12],[24.19,38.2],[24.04,38.39],[23.76,38.4],[23.65,38.44],[23.62,38.55],[23.25,38.8],[23.03,38.87],[22.88,38.85],[22.87,38.87],[23.26,39.03],[23.31,39.03],[23.42,38.96]]],[[[23.78,39.11],[23.74,39.08],[23.67,39.1],[23.59,39.21],[23.78,39.11]]],[[[23.89,39.16],[23.84,39.15],[23.89,39.23],[23.97,39.27],[23.89,39.16]]],[[[24.67,38.81],[24.54,38.79],[24.57,38.83],[24.46,38.89],[24.49,38.98],[24.67,38.81]]],[[[24.77,40.62],[24.65,40.58],[24.52,40.65],[24.52,40.69],[24.62,40.79],[24.72,40.79],[24.79,40.7],[24.77,40.62]]],[[[23.55,37.93],[23.47,37.9],[23.42,37.93],[23.48,37.99],[23.55,37.93]]],[[[23.05,36.19],[23.04,36.15],[22.91,36.22],[22.91,36.32],[22.95,36.38],[23.1,36.25],[23.05,36.19]]],[[[27.18,35.47],[27.14,35.41],[27.1,35.46],[27.12,35.51],[27.07,35.6],[27.16,35.79],[27.22,35.82],[27.16,35.63],[27.23,35.48],[27.18,35.47]]],[[[27.02,36.96],[26.92,36.95],[26.94,37.02],[26.89,37.09],[27.04,37.0],[27.02,36.96]]],[[[26.95,36.73],[26.92,36.73],[26.96,36.77],[27.21,36.9],[27.35,36.87],[26.95,36.73]]],[[[25.55,36.97],[25.46,36.93],[25.36,37.07],[25.53,37.2],[25.59,37.15],[25.55,36.97]]],[[[25.28,37.07],[25.2,36.99],[25.11,37.03],[25.15,37.11],[25.24,37.15],[25.28,37.14],[25.28,37.07]]],[[[25.48,36.39],[25.44,36.34],[25.37,36.36],[25.41,36.4],[25.41,36.47],[25.48,36.39]]],[[[25.38,36.67],[25.26,36.76],[25.3,36.79],[25.41,36.72],[25.38,36.67]]],[[[26.82,37.81],[27.04,37.77],[27.06,37.71],[26.84,37.64],[26.58,37.72],[26.64,37.78],[26.82,37.81]]],[[[26.03,37.53],[25.98,37.53],[26.0,37.57],[26.09,37.63],[26.35,37.67],[26.2,37.57],[26.03,37.53]]],[[[25.86,36.79],[25.74,36.79],[26.0,36.94],[26.06,36.9],[25.86,36.79]]],[[[26.46,36.59],[26.33,36.51],[26.27,36.55],[26.27,36.6],[26.34,36.58],[26.38,36.61],[26.37,36.64],[26.46,36.59]]],[[[24.36,37.58],[24.29,37.53],[24.28,37.6],[24.32,37.68],[24.38,37.68],[24.4,37.65],[24.36,37.58]]],[[[24.44,37.34],[24.38,37.31],[24.37,37.42],[24.43,37.48],[24.48,37.41],[24.44,37.34]]],[[[24.54,36.76],[24.53,36.68],[24.33,36.66],[24.36,36.74],[24.43,36.71],[24.54,36.76]]],[[[24.94,37.49],[24.94,37.39],[24.91,37.39],[24.91,37.51],[24.94,37.49]]],[[[24.99,37.76],[24.96,37.69],[24.71,37.9],[24.7,37.96],[24.79,37.99],[24.86,37.91],[24.96,37.9],[24.99,37.76]]],[[[25.26,37.6],[25.22,37.54],[25.16,37.55],[25.0,37.68],[25.26,37.6]]],[[[24.72,36.92],[24.68,36.96],[24.68,37.02],[24.76,36.95],[24.72,36.92]]],[[[26.09,38.22],[26.0,38.16],[25.89,38.24],[25.87,38.27],[25.99,38.35],[25.85,38.51],[25.85,38.57],[26.01,38.6],[26.16,38.54],[26.16,38.3],[26.09,38.22]]],[[[26.41,39.33],[26.39,39.27],[26.53,39.17],[26.6,39.05],[26.49,39.07],[26.55,38.99],[26.47,38.97],[26.16,39.03],[26.11,39.08],[26.27,39.2],[26.18,39.19],[26.07,39.1],[25.91,39.14],[25.84,39.2],[25.91,39.29],[26.09,39.3],[26.16,39.33],[26.17,39.37],[26.35,39.38],[26.41,39.33]]],[[[25.69,40.43],[25.57,40.4],[25.45,40.48],[25.57,40.52],[25.69,40.43]]],[[[25.44,39.98],[25.36,39.81],[25.26,39.82],[25.25,39.89],[25.19,39.83],[25.06,39.85],[25.06,40.0],[25.23,40.01],[25.29,39.96],[25.45,40.03],[25.44,39.98]]],[[[25.4,37.42],[25.31,37.41],[25.31,37.49],[25.46,37.47],[25.4,37.42]]],[[[24.52,37.13],[24.42,37.13],[24.44,37.19],[24.53,37.19],[24.52,37.13]]],[[[27.84,35.93],[27.75,35.91],[27.72,35.96],[27.76,36.07],[27.72,36.17],[27.91,36.35],[28.23,36.43],[28.14,36.21],[28.07,36.13],[28.09,36.07],[27.97,36.05],[27.84,35.93]]],[[[23.85,35.54],[24.01,35.53],[24.09,35.59],[24.17,35.6],[24.2,35.54],[24.11,35.5],[24.26,35.47],[24.27,35.39],[24.35,35.36],[24.72,35.42],[25.0,35.41],[25.1,35.35],[25.48,35.31],[25.73,35.35],[25.75,35.14],[25.79,35.12],[26.03,35.22],[26.17,35.22],[26.32,35.32],[26.24,35.04],[26.17,35.02],[25.83,35.03],[24.8,34.93],[24.75,34.95],[24.71,35.09],[24.46,35.16],[23.59,35.26],[23.55,35.42],[23.57,35.53],[23.61,35.57],[23.67,35.51],[23.74,35.66],[23.79,35.56],[23.85,35.54]]],[[[26.32,41.72],[26.58,41.6],[26.62,41.4],[26.6,41.35],[26.33,41.24],[26.35,41.0],[26.11,40.75],[26.04,40.73],[25.86,40.84],[25.25,40.93],[25.1,40.99],[24.79,40.86],[24.48,40.95],[24.08,40.72],[23.76,40.75],[23.74,40.68],[23.88,40.54],[23.83,40.48],[23.87,40.42],[24.03,40.41],[24.21,40.33],[24.34,40.15],[24.16,40.28],[23.91,40.36],[23.73,40.33],[23.72,40.29],[23.97,40.11],[24.0,40.02],[23.95,39.97],[23.84,40.02],[23.66,40.22],[23.43,40.26],[23.39,40.22],[23.43,40.12],[23.67,39.96],[23.63,39.92],[23.4,39.99],[23.33,40.09],[23.31,40.22],[22.9,40.4],[22.85,40.49],[22.92,40.59],[22.63,40.5],[22.64,40.37],[22.57,40.12],[22.59,40.04],[22.84,39.8],[22.98,39.56],[23.23,39.36],[23.33,39.17],[23.15,39.1],[23.12,39.13],[23.16,39.26],[22.99,39.33],[22.92,39.31],[22.84,39.26],[22.89,39.17],[22.97,39.03],[23.07,39.04],[22.8,38.9],[22.57,38.87],[23.02,38.74],[23.14,38.67],[23.25,38.66],[23.37,38.53],[23.57,38.49],[23.68,38.35],[23.97,38.27],[24.02,38.14],[24.06,37.71],[23.97,37.68],[23.58,38.01],[23.5,38.03],[23.19,37.96],[23.04,37.88],[23.15,37.8],[23.2,37.62],[23.4,37.58],[23.49,37.44],[23.16,37.33],[23.1,37.36],[23.1,37.44],[23.02,37.48],[22.77,37.59],[22.73,37.54],[22.77,37.39],[22.85,37.29],[23.06,36.85],[23.04,36.64],[23.16,36.45],[22.98,36.53],[22.78,36.79],[22.72,36.79],[22.61,36.78],[22.49,36.57],[22.49,36.45],[22.43,36.48],[22.37,36.51],[22.38,36.7],[22.08,37.03],[21.96,36.99],[21.89,36.74],[21.74,36.86],[21.58,37.08],[21.58,37.2],[21.69,37.31],[21.68,37.39],[21.57,37.54],[21.33,37.67],[21.29,37.77],[21.12,37.89],[21.31,38.03],[21.4,38.2],[21.66,38.18],[21.82,38.33],[21.95,38.32],[22.92,37.96],[22.89,38.05],[23.12,38.07],[23.18,38.13],[23.09,38.2],[22.83,38.23],[22.42,38.44],[22.32,38.36],[21.97,38.41],[21.47,38.32],[21.33,38.49],[21.3,38.37],[21.18,38.35],[21.11,38.38],[20.99,38.65],[20.87,38.78],[20.78,38.81],[20.77,38.87],[20.78,38.93],[20.89,38.94],[21.11,38.9],[21.15,38.92],[21.12,39.03],[20.78,39.01],[20.47,39.26],[20.3,39.33],[20.19,39.55],[20.0,39.71],[20.13,39.66],[20.25,39.68],[20.31,39.8],[20.38,39.8],[20.31,39.98],[20.41,40.05],[20.66,40.12],[20.81,40.45],[20.95,40.49],[21.03,40.62],[20.96,40.78],[20.96,40.85],[21.32,40.87],[21.4,40.91],[21.58,40.87],[21.78,40.95],[21.99,41.13],[22.18,41.16],[22.49,41.12],[22.72,41.18],[22.78,41.33],[23.16,41.32],[23.24,41.38],[23.64,41.39],[24.01,41.46],[24.06,41.53],[24.52,41.55],[24.6,41.44],[24.77,41.36],[24.85,41.39],[24.99,41.36],[25.25,41.24],[25.78,41.33],[25.92,41.31],[26.14,41.39],[26.14,41.52],[26.07,41.67],[26.09,41.7],[26.2,41.74],[26.32,41.72]]]]}},{"type":"Feature","id":"DEU","properties":{"name":"Germany"},"geometry":{"type":"MultiPolygon","coordinates":[[[[9.52,47.52],[9.18,47.67],[8.88,47.66],[8.83,47.7],[8.73,47.7],[8.57,47.78],[8.4,47.69],[8.57,47.64],[8.43,47.59],[8.2,47.61],[7.93,47.56],[7.57,47.61],[7.54,47.77],[7.59,47.91],[7.62,48.16],[7.71,48.28],[7.84,48.64],[8.14,48.89],[8.13,48.97],[7.61,49.06],[7.45,49.15],[7.04,49.11],[7.0,49.18],[6.89,49.21],[6.74,49.16],[6.53,49.39],[6.34,49.45],[6.38,49.6],[6.48,49.71],[6.49,49.8],[6.26,49.87],[6.14,49.97],[6.11,50.09],[6.18,50.23],[6.36,50.32],[6.34,50.45],[6.18,50.52],[6.24,50.6],[5.99,50.75],[6.05,50.9],[5.86,51.03],[6.13,51.15],[6.08,51.22],[6.2,51.45],[5.95,51.8],[6.17,51.88],[6.36,51.82],[6.74,51.91],[6.8,51.98],[6.72,52.04],[6.72,52.08],[6.98,52.21],[7.02,52.27],[7.04,52.38],[7.0,52.42],[6.75,52.46],[6.69,52.53],[6.71,52.62],[6.75,52.63],[7.01,52.63],[7.18,52.97],[7.2,53.28],[7.05,53.38],[7.11,53.56],[7.21,53.65],[8.01,53.69],[8.17,53.54],[8.11,53.47],[8.25,53.45],[8.33,53.61],[8.49,53.51],[8.5,53.39],[8.54,53.56],[8.51,53.67],[8.53,53.78],[8.62,53.88],[8.9,53.84],[9.21,53.86],[9.32,53.81],[9.59,53.6],[9.78,53.55],[9.63,53.6],[9.31,53.86],[8.98,53.93],[8.9,54.0],[8.91,54.26],[8.78,54.31],[8.64,54.29],[8.65,54.4],[8.95,54.47],[8.96,54.54],[8.68,54.79],[8.67,54.9],[8.9,54.9],[9.25,54.81],[9.62,54.86],[9.89,54.78],[10.02,54.67],[10.03,54.58],[9.87,54.47],[10.14,54.49],[10.21,54.41],[10.36,54.44],[10.73,54.32],[11.01,54.38],[11.06,54.28],[11.01,54.18],[10.81,54.08],[10.85,54.01],[10.92,54.0],[11.1,54.01],[11.4,53.94],[11.8,54.15],[12.11,54.17],[12.58,54.47],[13.03,54.41],[13.15,54.28],[13.45,54.14],[13.72,54.15],[13.82,54.02],[13.87,53.85],[14.03,53.77],[14.26,53.73],[14.41,53.28],[14.41,53.2],[14.37,53.11],[14.14,52.93],[14.13,52.88],[14.51,52.65],[14.62,52.53],[14.55,52.36],[14.68,52.25],[14.7,52.11],[14.75,52.08],[14.67,51.9],[14.6,51.83],[14.72,51.66],[14.72,51.52],[14.94,51.44],[15.02,51.25],[14.96,51.1],[14.77,50.82],[14.61,50.86],[14.62,50.91],[14.55,50.99],[14.32,51.04],[14.26,51.0],[14.37,50.9],[13.56,50.7],[13.44,50.6],[13.37,50.62],[13.24,50.58],[13.18,50.51],[13.02,50.49],[12.94,50.41],[12.77,50.43],[12.55,50.39],[12.28,50.18],[12.13,50.31],[12.09,50.27],[12.21,50.1],[12.51,49.9],[12.39,49.74],[12.63,49.46],[12.81,49.33],[12.92,49.33],[13.14,49.16],[13.29,49.1],[13.4,48.98],[13.55,48.96],[13.77,48.82],[13.81,48.77],[13.79,48.59],[13.68,48.52],[13.49,48.58],[13.37,48.36],[12.9,48.2],[12.76,48.11],[12.95,47.89],[12.95,47.81],[12.9,47.72],[13.03,47.7],[13.05,47.66],[13.01,47.48],[12.81,47.54],[12.77,47.64],[12.69,47.67],[12.48,47.64],[12.21,47.72],[12.19,47.62],[11.72,47.58],[11.3,47.42],[11.04,47.39],[10.98,47.4],[10.87,47.52],[10.44,47.55],[10.37,47.37],[10.18,47.28],[10.2,47.36],[10.07,47.39],[10.06,47.45],[9.97,47.51],[9.75,47.58],[9.65,47.53],[9.52,47.52]]],[[[13.71,54.38],[13.73,54.32],[13.71,54.28],[13.59,54.34],[13.48,54.34],[13.41,54.25],[13.36,54.25],[13.16,54.36],[13.18,54.54],[13.24,54.64],[13.34,54.7],[13.42,54.7],[13.49,54.62],[13.66,54.56],[13.67,54.54],[13.58,54.46],[13.71,54.38]]],[[[14.21,53.95],[14.21,53.87],[13.93,53.88],[13.92,54.0],[13.83,54.06],[13.83,54.13],[14.21,53.95]]],[[[11.28,54.42],[11.13,54.42],[11.01,54.47],[11.08,54.53],[11.23,54.5],[11.28,54.42]]],[[[8.31,54.79],[8.3,54.91],[8.41,55.06],[8.45,55.06],[8.39,54.99],[8.38,54.9],[8.63,54.89],[8.35,54.85],[8.31,54.79]]],[[[8.59,54.71],[8.4,54.71],[8.51,54.76],[8.59,54.71]]]]}},{"type":"Feature","id":"GEO","properties":{"name":"Georgia"},"geometry":{"type":"MultiPolygon","coordinates":[[[[43.44,41.11],[43.4,41.18],[43.21,41.2],[43.15,41.24],[43.15,41.31],[42.82,41.49],[42.75,41.58],[42.61,41.58],[42.47,41.44],[41.93,41.5],[41.82,41.43],[41.51,41.52],[41.7,41.71],[41.76,41.82],[41.76,41.97],[41.66,42.15],[41.49,42.66],[41.42,42.74],[41.13,42.83],[41.06,42.93],[40.84,43.06],[40.46,43.15],[39.98,43.42],[40.08,43.55],[40.15,43.57],[40.52,43.51],[40.65,43.53],[41.08,43.37],[41.36,43.33],[41.58,43.22],[42.05,43.19],[42.42,43.22],[42.57,43.16],[42.76,43.17],[42.99,43.09],[43.09,42.99],[43.78,42.75],[43.8,42.7],[43.74,42.62],[43.83,42.57],[43.96,42.57],[44.51,42.75],[44.64,42.73],[44.77,42.62],[44.87,42.76],[45.16,42.67],[45.34,42.53],[45.56,42.54],[45.71,42.5],[45.73,42.48],[45.64,42.21],[45.95,42.04],[46.21,41.99],[46.43,41.89],[46.3,41.76],[46.2,41.74],[46.18,41.66],[46.31,41.51],[46.67,41.29],[46.63,41.16],[46.53,41.09],[46.43,41.08],[46.17,41.2],[45.92,41.19],[45.73,41.26],[45.7,41.29],[45.72,41.34],[45.28,41.45],[44.98,41.28],[44.81,41.26],[44.84,41.21],[44.23,41.21],[43.44,41.11]]]]}},{"type":"Feature","id":"GMB","properties":{"name":"Gambia"},"geometry":{"type":"MultiPolygon","coordinates":[[[[-16.56,13.59],[-15.51,13.59],[-15.43,13.73],[-15.11,13.81],[-14.94,13.79],[-14.41,13.5],[-13.98,13.54],[-13.85,13.48],[-13.83,13.41],[-13.85,13.34],[-14.25,13.24],[-14.44,13.27],[-15.15,13.56],[-15.29,13.4],[-15.81,13.33],[-15.83,13.16],[-16.65,13.15],[-16.76,13.06],[-16.82,13.34],[-16.67,13.47],[-16.56,13.3],[-16.41,13.27],[-16.19,13.28],[-16.16,13.38],[-15.43,13.47],[-15.57,13.5],[-16.14,13.45],[-16.35,13.34],[-16.44,13.35],[-16.53,13.46],[-16.56,13.59]]]]}},{"type":"Feature","id":"FRA","properties":{"name":"France"},"geometry":{"type":"MultiPolygon","coordinates":[[[[9.48,42.81],[9.45,42.66],[9.53,42.55],[9.55,42.13],[9.4,41.93],[9.37,41.68],[9.19,41.38],[8.81,41.59],[8.89,41.7],[8.72,41.76],[8.76,41.87],[8.74,41.93],[8.62,41.93],[8.7,42.1],[8.59,42.16],[8.57,42.22],[8.68,42.28],[8.57,42.36],[8.71,42.55],[8.81,42.61],[9.04,42.66],[9.14,42.73],[9.31,42.71],[9.36,43.02],[9.46,42.98],[9.48,42.81]]],[[[7.62,47.59],[7.34,47.43],[7.2,47.43],[7.14,47.49],[6.97,47.45],[6.9,47.39],[7.0,47.32],[6.67,47.03],[6.46,46.95],[6.41,46.76],[6.16,46.61],[6.07,46.46],[6.12,46.38],[6.1,46.28],[5.97,46.21],[5.97,46.15],[6.01,46.14],[6.2,46.19],[6.27,46.25],[6.23,46.33],[6.43,46.43],[6.78,46.41],[6.82,46.28],[6.77,46.17],[7.02,45.93],[6.8,45.81],[6.79,45.74],[7.15,45.4],[7.08,45.24],[6.84,45.14],[6.69,45.14],[6.63,45.12],[6.63,45.07],[6.74,44.92],[6.99,44.83],[7.03,44.72],[6.96,44.68],[6.84,44.51],[6.9,44.34],[7.32,44.14],[7.64,44.16],[7.68,44.08],[7.48,43.86],[7.49,43.77],[7.4,43.77],[7.18,43.66],[6.72,43.37],[6.66,43.26],[6.57,43.2],[6.12,43.07],[5.81,43.1],[5.67,43.18],[5.41,43.23],[5.32,43.34],[5.07,43.37],[5.06,43.44],[4.71,43.37],[4.22,43.48],[4.05,43.59],[3.91,43.56],[3.78,43.46],[3.26,43.19],[3.05,42.92],[3.09,42.59],[3.21,42.43],[2.89,42.46],[2.7,42.41],[2.65,42.34],[2.2,42.42],[2.03,42.35],[1.71,42.5],[1.74,42.56],[1.71,42.6],[1.5,42.64],[1.43,42.6],[1.35,42.69],[0.76,42.84],[0.67,42.84],[0.63,42.69],[0.2,42.72],[-0.04,42.69],[-0.3,42.83],[-0.59,42.8],[-0.76,42.94],[-1.18,43.02],[-1.29,43.06],[-1.3,43.1],[-1.37,43.04],[-1.46,43.05],[-1.41,43.24],[-1.71,43.31],[-1.79,43.41],[-1.63,43.44],[-1.48,43.56],[-1.35,44.02],[-1.25,44.56],[-1.17,44.66],[-1.08,44.69],[-1.15,44.76],[-1.25,44.67],[-1.19,45.16],[-1.08,45.53],[-0.83,45.38],[-0.77,45.31],[-0.69,45.09],[-0.55,45.0],[-0.64,45.09],[-0.79,45.47],[-1.2,45.71],[-1.21,45.77],[-1.03,45.74],[-1.1,45.93],[-1.15,46.31],[-1.39,46.35],[-1.79,46.51],[-2.06,46.81],[-2.09,46.92],[-2.02,47.04],[-2.2,47.16],[-2.11,47.26],[-2.03,47.27],[-1.74,47.22],[-1.98,47.31],[-2.35,47.28],[-2.5,47.31],[-2.53,47.38],[-2.43,47.47],[-2.55,47.53],[-2.77,47.51],[-2.8,47.54],[-2.73,47.6],[-2.79,47.63],[-2.96,47.6],[-3.06,47.62],[-3.16,47.69],[-3.44,47.71],[-3.9,47.84],[-4.31,47.82],[-4.43,47.97],[-4.68,48.04],[-4.63,48.09],[-4.38,48.13],[-4.33,48.17],[-4.51,48.23],[-4.58,48.29],[-4.24,48.3],[-4.39,48.37],[-4.72,48.36],[-4.76,48.45],[-4.72,48.54],[-4.53,48.62],[-4.06,48.71],[-3.71,48.71],[-3.47,48.81],[-3.23,48.84],[-3.0,48.79],[-2.69,48.54],[-2.45,48.65],[-2.08,48.65],[-2.0,48.58],[-1.91,48.7],[-1.82,48.63],[-1.38,48.65],[-1.48,48.7],[-1.57,48.81],[-1.58,49.2],[-1.81,49.49],[-1.87,49.6],[-1.86,49.68],[-1.59,49.67],[-1.37,49.71],[-1.26,49.68],[-1.23,49.49],[-1.14,49.39],[-0.16,49.3],[0.14,49.4],[0.42,49.45],[0.44,49.47],[0.28,49.46],[0.13,49.51],[0.11,49.56],[0.19,49.7],[0.62,49.86],[1.25,50.0],[1.59,50.25],[1.55,50.29],[1.58,50.74],[1.67,50.89],[1.91,50.99],[2.52,51.1],[2.6,50.96],[2.6,50.88],[2.76,50.75],[2.84,50.71],[3.11,50.78],[3.23,50.66],[3.27,50.53],[3.6,50.48],[3.69,50.31],[3.75,50.34],[3.95,50.34],[4.17,50.25],[4.14,50.14],[4.19,50.09],[4.14,50],[4.18,49.96],[4.55,49.96],[4.66,50.0],[4.71,50.1],[4.82,50.15],[4.86,50.14],[4.79,49.96],[4.84,49.91],[4.87,49.79],[5.01,49.78],[5.28,49.68],[5.51,49.51],[5.79,49.54],[6.01,49.45],[6.24,49.49],[6.53,49.39],[6.74,49.16],[6.89,49.21],[7.0,49.18],[7.04,49.11],[7.45,49.15],[7.61,49.06],[8.13,48.97],[8.14,48.89],[7.84,48.64],[7.71,48.28],[7.62,48.16],[7.53,47.67],[7.62,47.59]]],[[[-1.18,45.9],[-1.21,45.82],[-1.37,45.97],[-1.39,46.05],[-1.18,45.9]]]]}},{"type":"Feature","id":"ALD","properties":{"name":"\u00c5land"},"geometry":{"type":"MultiPolygon","coordinates":[[[[19.99,60.35],[20.09,60.35],[20.24,60.28],[20.26,60.26],[20.19,60.19],[20.04,60.18],[20.03,60.09],[19.75,60.1],[19.67,60.23],[19.69,60.27],[19.78,60.29],[19.79,60.21],[19.85,60.22],[19.87,60.3],[19.79,60.35],[19.82,60.39],[19.89,60.41],[19.99,60.35]]],[[[19.66,60.19],[19.58,60.14],[19.52,60.18],[19.55,60.24],[19.63,60.25],[19.66,60.19]]],[[[20.61,60.04],[20.52,60.01],[20.4,60.04],[20.49,60.07],[20.61,60.04]]]]}},{"type":"Feature","id":"FIN","properties":{"name":"Finland"},"geometry":{"type":"MultiPolygon","coordinates":[[[[24.16,65.81],[23.91,66.15],[23.75,66.19],[23.7,66.25],[23.67,66.38],[23.7,66.48],[23.87,66.58],[23.89,66.71],[23.99,66.81],[23.64,67.13],[23.63,67.23],[23.77,67.33],[23.73,67.42],[23.45,67.46],[23.54,67.61],[23.5,67.7],[23.5,67.88],[23.64,67.95],[23.32,68.13],[23.18,68.14],[23.1,68.26],[22.85,68.37],[22.0,68.52],[20.92,68.91],[20.9,68.98],[20.62,69.04],[20.68,69.07],[21.07,69.04],[21.13,69.08],[21.07,69.21],[21.27,69.27],[21.59,69.27],[22.3,68.86],[22.41,68.72],[23.32,68.65],[23.71,68.71],[23.85,68.81],[24.94,68.59],[25.09,68.64],[25.25,68.82],[25.58,68.89],[25.75,68.99],[25.77,69.28],[26.01,69.65],[26.53,69.92],[27.13,69.91],[27.59,70.04],[27.89,70.06],[28.41,69.82],[29.14,69.67],[29.33,69.47],[28.85,69.18],[28.83,69.12],[28.97,69.02],[28.41,68.9],[28.45,68.87],[28.74,68.86],[28.78,68.81],[28.48,68.54],[28.47,68.49],[28.69,68.19],[29.34,68.06],[29.99,67.67],[29.94,67.55],[29.24,67.1],[29.09,66.97],[29.07,66.89],[29.46,66.53],[29.67,66.28],[29.9,66.09],[30.09,65.79],[30.1,65.68],[29.72,65.62],[29.82,65.57],[29.73,65.47],[29.71,65.34],[29.61,65.25],[29.81,65.2],[29.83,65.15],[29.81,65.11],[29.62,65.04],[29.6,64.97],[29.78,64.8],[30.11,64.73],[30.12,64.64],[29.99,64.56],[29.99,64.52],[30.11,64.37],[30.49,64.24],[30.53,64.08],[30.5,64.02],[30.21,63.8],[29.99,63.74],[30.42,63.5],[31.18,63.21],[31.51,62.96],[31.53,62.89],[31.19,62.48],[29.25,61.29],[28.41,60.9],[27.8,60.54],[27.46,60.46],[27.21,60.54],[26.53,60.41],[26.52,60.47],[26.6,60.6],[26.61,60.63],[26.57,60.62],[26.46,60.47],[26.38,60.42],[26.2,60.41],[25.96,60.47],[26.04,60.34],[25.95,60.35],[25.76,60.27],[25.66,60.33],[25.16,60.19],[24.6,60.11],[24.45,60.02],[24.34,60.04],[23.72,59.97],[23.46,59.99],[23.18,59.84],[22.96,59.83],[23.19,59.97],[23.2,60.02],[23.08,60.05],[22.87,60.22],[22.79,60.08],[22.65,60.03],[22.46,60.03],[22.44,60.09],[22.47,60.15],[22.44,60.16],[22.47,60.2],[22.59,60.23],[22.51,60.28],[22.58,60.38],[22.26,60.4],[21.85,60.51],[21.81,60.59],[21.61,60.53],[21.44,60.6],[21.36,60.97],[21.51,61.28],[21.51,61.48],[21.57,61.48],[21.5,61.55],[21.61,61.59],[21.38,61.91],[21.26,61.99],[21.35,62.22],[21.34,62.28],[21.32,62.34],[21.17,62.41],[21.1,62.62],[21.14,62.74],[21.46,62.95],[21.47,63.03],[21.65,63.04],[21.57,63.11],[21.55,63.2],[21.8,63.24],[21.9,63.21],[22.32,63.31],[22.24,63.44],[22.35,63.44],[22.32,63.5],[22.4,63.49],[22.53,63.58],[22.53,63.65],[22.76,63.68],[23.49,64.03],[23.6,64.04],[23.65,64.13],[24.28,64.52],[24.56,64.8],[24.94,64.88],[25.29,64.86],[25.23,64.95],[25.37,65.01],[25.34,65.1],[25.26,65.14],[25.35,65.48],[25.24,65.55],[24.84,65.66],[24.67,65.67],[24.58,65.76],[24.63,65.86],[24.4,65.78],[24.16,65.81]]],[[[21.99,60.34],[21.82,60.38],[21.83,60.47],[21.91,60.44],[21.95,60.4],[21.91,60.39],[21.99,60.34]]],[[[21.22,63.24],[21.42,63.25],[21.42,63.2],[21.25,63.15],[21.08,63.28],[21.24,63.28],[21.22,63.24]]],[[[22.18,60.37],[22.35,60.36],[22.42,60.3],[22.31,60.27],[22.36,60.17],[22.26,60.17],[22.08,60.29],[22.18,60.37]]],[[[21.45,60.53],[21.44,60.48],[21.3,60.48],[21.21,60.6],[21.27,60.64],[21.45,60.53]]],[[[21.83,60.14],[21.7,60.11],[21.7,60.17],[21.76,60.2],[21.86,60.2],[21.83,60.14]]],[[[21.63,60.11],[21.49,60.13],[21.63,60.17],[21.63,60.11]]],[[[24.85,64.99],[24.7,64.96],[24.58,64.98],[24.58,65.04],[24.79,65.09],[24.97,65.06],[25.0,65.04],[24.85,64.99]]]]}},{"type":"Feature","id":"ETH","properties":{"name":"Ethiopia"},"geometry":{"type":"MultiPolygon","coordinates":[[[[35.27,5.49],[35.08,5.67],[34.98,5.86],[34.96,6.05],[34.71,6.66],[34.48,6.9],[34.28,7.0],[34.06,7.23],[34.02,7.37],[33.9,7.51],[33.67,7.67],[33.08,7.82],[33.01,7.87],[33.01,7.95],[33.28,8.44],[33.95,8.44],[34.09,8.58],[34.08,9.51],[34.16,9.85],[34.31,10.19],[34.28,10.53],[34.43,10.79],[34.57,10.88],[34.77,10.75],[34.93,10.86],[34.96,11.28],[35.11,11.82],[35.25,11.96],[35.67,12.62],[35.82,12.68],[36.11,12.73],[36.16,13.09],[36.39,13.63],[36.52,14.26],[36.81,14.32],[37.02,14.27],[37.13,14.41],[37.26,14.45],[37.51,14.16],[37.57,14.15],[37.88,14.85],[38.0,14.74],[38.22,14.65],[38.43,14.43],[38.81,14.48],[39.07,14.63],[39.2,14.48],[39.53,14.54],[39.9,14.44],[40.14,14.46],[40.52,14.23],[40.82,14.11],[41.36,13.5],[41.77,13.18],[41.95,12.88],[42.13,12.77],[42.38,12.47],[42.0,11.91],[41.79,11.69],[41.76,11.41],[41.8,10.98],[41.96,10.94],[42.56,11.08],[42.92,11.0],[42.66,10.6],[42.84,10.2],[43.07,9.93],[43.18,9.88],[43.3,9.61],[43.48,9.38],[43.62,9.34],[43.98,9.01],[46.98,8.0],[47.98,8.0],[46.42,6.5],[44.94,4.91],[43.99,4.95],[43.58,4.85],[43.13,4.64],[43.02,4.56],[42.86,4.32],[42.02,4.14],[41.88,3.98],[41.14,3.96],[40.77,4.27],[39.84,3.85],[39.66,3.58],[39.49,3.46],[38.09,3.65],[36.91,4.41],[36.02,4.47],[35.76,4.81],[35.8,5.16],[35.79,5.28],[35.75,5.34],[35.47,5.42],[35.33,5.36],[35.26,5.41],[35.27,5.49]]]]}},{"type":"Feature","id":"EST","properties":{"name":"Estonia"},"geometry":{"type":"MultiPolygon","coordinates":[[[[27.35,57.53],[26.97,57.61],[26.46,57.54],[26.3,57.6],[25.99,57.84],[25.79,57.87],[25.28,58.05],[25.26,58.0],[25.11,58.06],[24.32,57.87],[24.46,58.11],[24.49,58.26],[24.55,58.3],[24.53,58.35],[24.34,58.38],[24.24,58.29],[24.11,58.27],[23.77,58.36],[23.69,58.51],[23.56,58.58],[23.51,58.66],[23.53,58.72],[23.68,58.79],[23.5,58.79],[23.43,58.92],[23.52,59.0],[23.47,59.03],[23.52,59.11],[23.49,59.2],[23.78,59.28],[24.08,59.29],[24.05,59.37],[24.18,59.38],[24.38,59.47],[24.58,59.46],[24.88,59.52],[25.44,59.52],[25.52,59.56],[25.51,59.64],[26.62,59.55],[26.97,59.45],[27.89,59.41],[28.01,59.48],[28.15,59.37],[27.9,59.28],[27.76,59.05],[27.51,58.89],[27.43,58.79],[27.53,58.44],[27.5,58.22],[27.67,57.93],[27.78,57.87],[27.54,57.8],[27.4,57.67],[27.35,57.53]]],[[[22.62,58.62],[22.96,58.61],[23.32,58.45],[23.13,58.44],[22.73,58.23],[22.37,58.22],[22.27,58.16],[22.15,57.97],[22.0,57.93],[21.99,58.0],[22.19,58.15],[21.88,58.26],[21.85,58.3],[21.92,58.32],[21.98,58.39],[21.86,58.5],[22.27,58.51],[22.33,58.58],[22.62,58.62]]],[[[22.92,58.83],[22.84,58.78],[22.77,58.82],[22.66,58.71],[22.54,58.69],[22.47,58.71],[22.41,58.86],[22.06,58.94],[22.46,58.97],[22.59,59.08],[22.65,59.09],[22.7,59.07],[22.73,59.02],[22.91,58.99],[23.01,58.83],[22.92,58.83]]],[[[23.34,58.55],[23.26,58.54],[23.06,58.61],[23.17,58.68],[23.33,58.65],[23.34,58.55]]]]}},{"type":"Feature","id":"ERI","properties":{"name":"Eritrea"},"geometry":{"type":"MultiPolygon","coordinates":[[[[36.52,14.26],[36.43,15.13],[36.52,15.25],[36.91,16.3],[36.89,16.62],[36.98,16.8],[37.01,17.06],[37.41,17.06],[37.55,17.32],[37.78,17.46],[38.25,17.58],[38.42,17.82],[38.61,18.01],[38.91,17.43],[39.03,17.09],[39.14,16.73],[39.3,15.92],[39.42,15.79],[39.51,15.53],[39.58,15.52],[39.63,15.45],[39.79,15.12],[39.82,15.2],[39.79,15.32],[39.86,15.47],[40.04,15.33],[40.08,15.15],[40.2,15.01],[40.55,14.93],[40.8,14.74],[41.18,14.62],[41.66,13.98],[42.25,13.59],[42.4,13.21],[42.52,13.22],[42.73,13.02],[42.8,12.86],[42.97,12.81],[43.0,12.9],[43.08,12.82],[43.12,12.71],[42.87,12.62],[42.77,12.42],[42.7,12.38],[42.48,12.51],[42.38,12.47],[42.13,12.77],[41.95,12.88],[41.77,13.18],[41.36,13.5],[40.82,14.11],[40.52,14.23],[40.14,14.46],[39.9,14.44],[39.53,14.54],[39.2,14.48],[39.14,14.58],[39.02,14.63],[38.81,14.48],[38.43,14.43],[38.22,14.65],[38.0,14.74],[37.88,14.85],[37.57,14.15],[37.51,14.16],[37.26,14.45],[37.13,14.41],[37.02,14.27],[36.81,14.32],[36.52,14.26]]],[[[40.08,16.08],[40.11,15.99],[40.0,16.04],[40.05,16.1],[40.08,16.08]]],[[[40.14,15.7],[40.18,15.64],[40.25,15.7],[40.41,15.63],[40.4,15.58],[39.98,15.61],[39.95,15.7],[40.02,15.66],[40.07,15.68],[40.02,15.73],[39.94,15.74],[40.0,15.83],[39.96,15.89],[40.1,15.84],[40.14,15.7]]]]}},{"type":"Feature","id":"EGY","properties":{"name":"Egypt"},"geometry":{"type":"MultiPolygon","coordinates":[[[[36.87,22.0],[31.43,22.0],[31.49,22.15],[31.46,22.19],[31.4,22.2],[31.36,22.19],[31.26,22.0],[31.21,21.99],[24.98,22.0],[24.98,29.18],[24.7,30.2],[24.88,30.46],[24.96,30.68],[24.97,30.78],[24.88,31.06],[24.85,31.33],[25.15,31.65],[25.23,31.53],[25.38,31.51],[25.89,31.62],[27.25,31.38],[27.54,31.21],[27.83,31.2],[27.97,31.1],[28.51,31.05],[29.07,30.83],[29.43,30.93],[29.93,31.23],[30.05,31.27],[30.22,31.26],[30.4,31.46],[30.92,31.57],[30.88,31.52],[30.56,31.42],[30.7,31.4],[31.0,31.46],[31.08,31.6],[31.52,31.46],[31.89,31.54],[32.14,31.34],[32.08,31.34],[31.89,31.48],[31.77,31.29],[32.01,31.22],[32.1,31.09],[32.21,31.12],[32.28,31.2],[32.22,31.29],[32.6,31.07],[33.13,31.17],[33.19,31.08],[33.38,31.13],[33.67,31.13],[33.9,31.18],[34.2,31.32],[34.66,30.19],[34.9,29.48],[34.74,29.27],[34.62,28.76],[34.45,28.36],[34.4,28.02],[34.22,27.76],[34.05,27.83],[33.76,28.05],[33.59,28.26],[33.25,28.57],[33.13,28.98],[32.72,29.52],[32.57,29.97],[32.47,29.93],[32.49,29.85],[32.36,29.63],[32.4,29.53],[32.6,29.32],[32.64,29.18],[32.63,28.99],[32.9,28.57],[33.2,28.21],[33.55,27.9],[33.55,27.61],[33.7,27.34],[33.85,27.18],[33.96,26.65],[34.57,25.69],[35.19,24.48],[35.48,24.15],[35.78,23.94],[35.54,23.92],[35.5,23.78],[35.52,23.44],[35.7,22.95],[35.91,22.74],[36.23,22.63],[36.41,22.39],[36.83,22.1],[36.87,22.0]]]]}},{"type":"Feature","id":"DJI","properties":{"name":"Djibouti"},"geometry":{"type":"MultiPolygon","coordinates":[[[[43.25,11.5],[42.92,11.0],[42.56,11.08],[41.96,10.94],[41.8,10.98],[41.76,11.41],[41.79,11.69],[42.45,12.52],[42.7,12.38],[42.77,12.42],[42.87,12.62],[43.12,12.71],[43.35,12.37],[43.41,12.19],[43.38,12.09],[43.27,11.97],[43.05,11.83],[42.8,11.74],[42.64,11.56],[42.52,11.57],[42.54,11.5],[42.58,11.5],[43.04,11.59],[43.16,11.57],[43.25,11.5]]]]}},{"type":"Feature","id":"GRL","properties":{"name":"Greenland"},"geometry":{"type":"MultiPolygon","coordinates":[[[[-29.95,83.56],[-28.48,83.43],[-27.03,83.38],[-25.8,83.26],[-26.18,83.22],[-30.09,83.16],[-31.99,83.09],[-32.03,82.98],[-29.96,83.11],[-27.0,83.07],[-25.12,83.16],[-24.47,82.88],[-23.92,82.89],[-23.69,82.82],[-22.52,82.79],[-21.69,82.68],[-21.52,82.6],[-21.62,82.55],[-22.47,82.38],[-23.12,82.32],[-29.58,82.16],[-29.77,82.13],[-29.89,82.05],[-29.81,81.96],[-29.54,81.94],[-27.84,82.05],[-25.15,82.0],[-24.59,81.88],[-24.29,81.7],[-23.5,81.77],[-23.1,82.01],[-21.34,82.07],[-21.13,81.93],[-21.15,81.7],[-21.23,81.6],[-21.72,81.35],[-23.07,80.93],[-23.2,80.85],[-23.2,80.79],[-23.12,80.78],[-22.83,80.91],[-22.09,81.02],[-20.89,81.28],[-20.02,81.56],[-19.63,81.64],[-19.22,81.64],[-19.15,81.51],[-18.46,81.5],[-17.46,81.4],[-17.23,81.43],[-16.36,81.73],[-16.12,81.78],[-15.45,81.84],[-14.24,81.81],[-12.43,81.68],[-11.84,81.58],[-11.43,81.46],[-12.23,81.31],[-13.13,81.09],[-13.45,81.04],[-14.45,80.99],[-14.49,80.97],[-14.23,80.87],[-14.24,80.83],[-14.5,80.76],[-15.19,80.72],[-15.54,80.65],[-16.32,80.65],[-16.76,80.57],[-16.59,80.51],[-15.94,80.43],[-15.93,80.4],[-16.49,80.25],[-17.01,80.19],[-18.07,80.17],[-19.43,80.26],[-19.87,80.14],[-20.15,80.01],[-20.2,79.94],[-20.18,79.86],[-20.07,79.77],[-19.35,79.73],[-19.28,79.68],[-19.4,79.49],[-19.41,79.35],[-19.15,79.33],[-19.01,79.25],[-18.97,79.21],[-18.99,79.18],[-19.72,79.07],[-19.89,78.91],[-20.05,78.84],[-20.62,78.8],[-21.13,78.66],[-20.95,78.6],[-20.96,78.56],[-21.19,78.38],[-21.4,78.07],[-21.75,77.79],[-21.73,77.71],[-21.58,77.65],[-21.38,77.7],[-21.13,77.85],[-20.86,77.91],[-20.32,77.86],[-19.49,77.72],[-19.3,77.62],[-19.3,77.59],[-19.47,77.57],[-20.16,77.69],[-20.68,77.62],[-20.46,77.45],[-20.23,77.37],[-19.81,77.33],[-19.3,77.22],[-18.9,77.28],[-18.44,77.26],[-18.34,77.22],[-18.29,77.13],[-18.34,76.92],[-18.51,76.78],[-18.61,76.76],[-19.86,76.91],[-20.49,76.92],[-20.94,76.89],[-20.96,76.84],[-21.61,76.69],[-22.33,76.79],[-22.61,76.68],[-22.38,76.61],[-21.88,76.57],[-21.76,76.4],[-21.49,76.27],[-20.89,76.3],[-20.56,76.24],[-20.1,76.22],[-19.86,76.12],[-19.96,76.0],[-19.51,75.76],[-19.4,75.49],[-19.38,75.3],[-19.53,75.18],[-19.8,75.16],[-20.2,75.31],[-20.48,75.31],[-20.91,75.16],[-21.25,75.13],[-21.65,75.02],[-22.23,75.12],[-21.7,74.96],[-20.99,75.07],[-20.79,74.89],[-20.8,74.81],[-21.04,74.65],[-20.86,74.64],[-20.61,74.73],[-20.42,74.98],[-20.21,75.02],[-19.98,74.98],[-19.54,74.62],[-19.29,74.55],[-19.23,74.48],[-19.27,74.34],[-19.37,74.28],[-19.65,74.26],[-20.26,74.28],[-20.23,74.2],[-21.13,74.11],[-21.95,74.24],[-21.76,74.48],[-21.98,74.57],[-21.92,74.44],[-21.97,74.39],[-22.33,74.29],[-22.2,74.21],[-22.34,74.06],[-21.99,73.97],[-21.3,73.96],[-20.37,73.85],[-20.34,73.82],[-20.51,73.49],[-20.64,73.46],[-21.55,73.43],[-22.19,73.27],[-22.35,73.27],[-23.23,73.4],[-23.76,73.54],[-24.16,73.76],[-24.45,73.63],[-24.68,73.6],[-25.52,73.85],[-24.78,73.54],[-24.79,73.51],[-25.31,73.43],[-25.67,73.29],[-26.06,73.25],[-27.27,73.44],[-27.17,73.37],[-26.54,73.25],[-26.73,73.17],[-27.26,73.18],[-27.56,73.14],[-27.35,73.07],[-27.19,73.13],[-26.75,73.12],[-25.4,73.28],[-25.27,73.36],[-25.06,73.4],[-24.13,73.41],[-23.9,73.4],[-23.24,73.19],[-23.0,73.17],[-22.85,73.08],[-22.04,72.92],[-22.01,72.64],[-22.07,72.4],[-22.28,72.34],[-22.24,72.22],[-22.29,72.12],[-24.07,72.5],[-24.36,72.69],[-24.63,73.04],[-24.99,73.01],[-25.17,72.98],[-25.26,72.92],[-26.66,72.72],[-26.39,72.67],[-24.81,72.9],[-24.65,72.58],[-24.7,72.51],[-25.2,72.39],[-25.12,72.35],[-24.67,72.44],[-24.57,72.42],[-24.42,72.35],[-23.59,72.14],[-22.5,71.91],[-22.37,71.77],[-21.96,71.74],[-22.01,71.69],[-22.5,71.5],[-22.48,71.38],[-22.42,71.25],[-22.3,71.43],[-21.96,71.51],[-21.75,71.48],[-21.67,71.21],[-21.67,70.86],[-21.52,70.53],[-21.63,70.47],[-21.94,70.44],[-22.38,70.46],[-22.44,70.86],[-22.53,70.81],[-22.61,70.49],[-22.69,70.44],[-23.33,70.45],[-23.79,70.56],[-23.97,70.65],[-24.23,70.92],[-24.27,71.05],[-24.38,71.15],[-24.56,71.22],[-25.89,71.57],[-26.69,71.58],[-27.09,71.63],[-27.16,71.6],[-27.11,71.53],[-25.84,71.48],[-25.7,71.37],[-25.67,71.27],[-25.74,71.18],[-26.16,71.05],[-26.72,70.95],[-28.4,70.99],[-27.99,70.9],[-27.98,70.84],[-28.07,70.7],[-28.42,70.57],[-29.07,70.44],[-28.54,70.48],[-28.02,70.4],[-26.62,70.46],[-26.51,70.4],[-26.58,70.36],[-27.2,70.26],[-27.56,70.12],[-27.63,70.03],[-27.38,69.99],[-27.03,70.2],[-26.75,70.24],[-26.16,70.25],[-25.53,70.35],[-24.75,70.3],[-23.67,70.14],[-22.28,70.13],[-22.21,70.11],[-22.29,70.03],[-23.03,69.9],[-23.09,69.88],[-23.01,69.8],[-23.05,69.79],[-23.87,69.74],[-23.71,69.63],[-23.74,69.59],[-23.94,69.56],[-24.3,69.59],[-24.22,69.48],[-24.3,69.44],[-24.87,69.29],[-25.19,69.26],[-25.08,69.19],[-25.09,69.17],[-25.27,69.09],[-25.54,69.05],[-25.7,68.89],[-26.48,68.68],[-28.13,68.48],[-29.25,68.3],[-29.87,68.31],[-30.2,68.2],[-30.72,68.25],[-30.61,68.16],[-30.61,68.12],[-30.98,68.06],[-31.42,68.13],[-32.33,68.44],[-32.18,68.26],[-32.37,68.21],[-32.16,68.06],[-32.16,67.99],[-32.37,67.88],[-33.11,67.66],[-33.35,67.44],[-33.5,67.38],[-33.53,67.26],[-34.1,66.73],[-34.27,66.63],[-34.42,66.63],[-34.63,66.43],[-35.19,66.25],[-35.41,66.26],[-35.87,66.44],[-35.63,66.14],[-36.38,65.83],[-36.39,65.96],[-36.53,66.01],[-36.54,65.94],[-36.67,65.79],[-36.93,65.78],[-37.06,65.87],[-37.23,65.79],[-37.32,65.79],[-37.33,65.72],[-37.41,65.66],[-37.75,65.59],[-37.95,65.63],[-38.0,65.71],[-37.8,65.86],[-37.83,65.91],[-37.79,65.98],[-37.28,66.3],[-37.81,66.39],[-38.16,66.39],[-37.75,66.26],[-37.97,66.14],[-38.14,65.9],[-38.52,66.01],[-38.44,65.92],[-38.22,65.84],[-38.2,65.71],[-38.64,65.62],[-40.17,65.56],[-40.19,65.52],[-39.58,65.34],[-39.65,65.29],[-40.03,65.1],[-40.25,65.05],[-40.67,65.11],[-41.08,65.1],[-41.09,65.04],[-40.97,64.87],[-40.66,64.92],[-40.52,64.83],[-40.43,64.67],[-40.28,64.6],[-40.18,64.48],[-40.48,64.34],[-40.7,64.33],[-40.69,64.27],[-40.78,64.22],[-41.58,64.3],[-41.03,64.12],[-40.83,64.16],[-40.62,64.13],[-40.65,63.93],[-40.55,63.73],[-40.77,63.63],[-40.78,63.53],[-41.05,63.51],[-41.06,63.41],[-41.15,63.35],[-41.11,63.27],[-41.39,63.06],[-41.84,63.07],[-42.17,63.21],[-42.09,63.12],[-41.63,62.97],[-41.64,62.92],[-41.91,62.74],[-42.06,62.69],[-42.94,62.72],[-42.67,62.64],[-42.15,62.57],[-42.16,62.51],[-42.24,62.47],[-42.2,62.4],[-42.32,62.15],[-42.14,62.01],[-42.11,61.86],[-42.25,61.77],[-42.53,61.76],[-42.59,61.72],[-42.32,61.68],[-42.35,61.62],[-42.65,61.06],[-42.72,60.77],[-43.04,60.52],[-43.35,60.52],[-43.92,60.6],[-43.94,60.57],[-43.83,60.52],[-43.3,60.44],[-43.21,60.39],[-43.16,60.33],[-43.12,60.06],[-43.32,59.93],[-43.62,59.94],[-43.96,60.03],[-43.66,59.86],[-43.91,59.82],[-44.12,59.83],[-44.07,59.92],[-44.27,59.89],[-44.41,59.92],[-44.45,60.01],[-44.23,60.18],[-44.18,60.24],[-44.22,60.27],[-44.53,60.03],[-44.61,60.02],[-45.38,60.2],[-45.37,60.37],[-45.2,60.38],[-44.97,60.46],[-44.85,60.53],[-44.76,60.66],[-45.08,60.51],[-45.38,60.44],[-46.05,60.62],[-46.14,60.78],[-46.02,60.97],[-45.88,61.09],[-45.87,61.22],[-45.94,61.21],[-46.01,61.1],[-46.58,60.96],[-46.87,60.82],[-47.22,60.78],[-47.46,60.84],[-47.8,60.83],[-47.73,60.73],[-47.83,60.72],[-48.01,60.72],[-48.18,60.77],[-48.24,60.81],[-48.21,60.86],[-47.77,61.0],[-48.39,61.0],[-48.38,61.14],[-48.43,61.19],[-48.6,61.25],[-48.92,61.28],[-49.05,61.52],[-49.29,61.59],[-49.19,61.69],[-49.31,61.75],[-49.38,61.89],[-49.04,62.04],[-48.83,62.08],[-49.12,62.11],[-49.35,62.01],[-49.62,62.0],[-49.66,62.02],[-49.67,62.15],[-49.55,62.23],[-49.94,62.32],[-50.32,62.47],[-50.26,62.58],[-50.26,62.68],[-50.3,62.72],[-50.08,62.9],[-49.79,63.04],[-50.09,62.98],[-50.39,62.82],[-50.5,62.94],[-50.8,63.09],[-51.47,63.64],[-51.54,63.76],[-51.45,63.9],[-51.55,64.01],[-50.7,64.15],[-50.34,64.17],[-50.26,64.21],[-50.49,64.21],[-50.44,64.31],[-50.72,64.22],[-51.54,64.1],[-51.71,64.21],[-51.23,64.56],[-50.83,64.56],[-50.85,64.64],[-50.68,64.68],[-50.36,64.68],[-50.16,64.49],[-50.01,64.45],[-50.12,64.7],[-50.3,64.78],[-50.52,64.77],[-50.65,64.85],[-50.96,65.2],[-50.72,64.8],[-50.89,64.7],[-51.22,64.63],[-51.14,64.79],[-51.26,64.76],[-51.36,64.7],[-51.4,64.62],[-51.76,64.28],[-51.92,64.22],[-52.0,64.26],[-52.09,64.42],[-52.09,64.68],[-52.26,65.15],[-52.45,65.21],[-52.54,65.33],[-52.18,65.44],[-51.62,65.71],[-51.09,65.78],[-51.39,65.78],[-51.72,65.72],[-52.35,65.46],[-52.55,65.46],[-52.76,65.59],[-52.99,65.57],[-53.2,65.59],[-53.23,65.77],[-53.11,65.98],[-53.24,65.98],[-53.39,66.05],[-52.06,66.51],[-51.89,66.62],[-51.52,66.73],[-51.23,66.88],[-51.28,66.89],[-51.82,66.7],[-53.04,66.2],[-53.61,66.15],[-53.63,66.41],[-53.42,66.65],[-53.11,66.75],[-53.04,66.83],[-52.39,66.88],[-53.44,66.92],[-53.69,66.99],[-53.88,67.14],[-53.8,67.42],[-52.97,67.69],[-52.51,67.76],[-51.91,67.66],[-51.18,67.64],[-50.71,67.51],[-50.61,67.53],[-51.17,67.69],[-51.17,67.73],[-50.89,67.78],[-50.97,67.81],[-51.77,67.74],[-52.34,67.84],[-52.98,67.76],[-53.42,67.57],[-53.74,67.55],[-53.58,67.84],[-53.35,67.97],[-53.15,68.21],[-51.6,68.05],[-51.46,68.12],[-51.39,68.22],[-51.21,68.33],[-51.17,68.39],[-51.21,68.42],[-51.46,68.39],[-51.63,68.27],[-52.2,68.22],[-52.7,68.26],[-52.78,68.31],[-53.38,68.3],[-53.21,68.41],[-53.04,68.61],[-52.6,68.71],[-52.3,68.7],[-51.62,68.53],[-51.13,68.6],[-50.8,68.79],[-50.81,68.82],[-51.25,68.74],[-51.08,69.13],[-50.39,69.14],[-50.3,69.17],[-50.54,69.25],[-51.08,69.21],[-51.06,69.27],[-50.89,69.41],[-50.8,69.66],[-50.72,69.73],[-50.35,69.8],[-50.34,69.83],[-50.5,69.94],[-50.29,70.01],[-50.32,70.03],[-50.8,70.0],[-51.11,70.06],[-51.5,69.99],[-52.25,70.06],[-53.02,70.3],[-54.01,70.42],[-54.53,70.7],[-54.34,70.79],[-54.17,70.82],[-52.8,70.75],[-52.41,70.69],[-51.52,70.44],[-50.95,70.36],[-50.68,70.4],[-50.66,70.42],[-50.73,70.44],[-50.93,70.45],[-51.32,70.59],[-51.34,70.69],[-51.26,70.85],[-51.77,71.01],[-51.13,70.97],[-51.02,71.0],[-51.38,71.12],[-52.06,71.12],[-52.53,71.2],[-53.01,71.18],[-53.12,71.31],[-52.89,71.46],[-51.97,71.6],[-51.78,71.68],[-52.2,71.63],[-52.66,71.67],[-53.17,71.54],[-53.44,71.58],[-53.48,71.64],[-53.25,71.71],[-53.14,71.78],[-53.14,71.81],[-53.33,71.79],[-53.42,72.0],[-53.69,72.16],[-53.81,72.29],[-53.65,72.36],[-53.93,72.32],[-53.79,72.13],[-53.51,71.98],[-53.46,71.89],[-53.48,71.85],[-53.72,71.76],[-53.78,71.68],[-53.89,71.64],[-54.02,71.66],[-53.91,71.53],[-53.96,71.46],[-54.32,71.38],[-54.69,71.37],[-55.34,71.43],[-55.59,71.55],[-55.67,71.63],[-55.67,71.69],[-55.55,71.77],[-55.45,71.96],[-55.32,72.11],[-54.84,72.36],[-54.9,72.39],[-55.32,72.2],[-55.58,72.18],[-55.66,72.22],[-55.64,72.3],[-55.38,72.31],[-55.3,72.35],[-55.6,72.45],[-55.46,72.5],[-55.12,72.5],[-54.92,72.57],[-54.74,72.7],[-54.74,72.87],[-54.87,72.97],[-55.07,73.02],[-55.13,72.96],[-55.29,72.93],[-55.67,73.01],[-55.69,73.11],[-55.36,73.2],[-55.29,73.33],[-55.33,73.4],[-55.45,73.46],[-55.74,73.38],[-55.79,73.46],[-55.88,73.5],[-56.1,73.56],[-55.97,73.76],[-55.84,73.76],[-55.93,73.9],[-56.23,74.13],[-56.49,74.18],[-57.23,74.13],[-56.71,74.22],[-56.64,74.28],[-56.65,74.38],[-56.72,74.43],[-56.26,74.53],[-56.87,74.69],[-57.19,74.89],[-57.81,75.04],[-58.25,75.28],[-58.57,75.35],[-58.6,75.39],[-58.25,75.51],[-58.52,75.69],[-61.19,76.16],[-62.1,76.24],[-62.74,76.25],[-63.29,76.35],[-63.84,76.22],[-63.96,76.21],[-64.31,76.32],[-64.91,76.17],[-65.37,76.13],[-65.57,76.14],[-65.88,76.24],[-66.47,76.14],[-66.99,76.21],[-67.08,76.19],[-67.05,76.15],[-66.67,75.98],[-66.83,75.97],[-68.32,76.09],[-69.37,76.33],[-69.48,76.4],[-68.86,76.56],[-68.11,76.65],[-69.25,76.69],[-69.67,76.74],[-69.89,76.83],[-69.87,76.88],[-69.69,76.99],[-70.44,76.81],[-70.61,76.82],[-70.79,76.87],[-70.73,76.93],[-71.02,76.98],[-71.14,77.03],[-71.15,77.07],[-70.86,77.18],[-70.6,77.19],[-69.66,77.23],[-68.98,77.2],[-68.59,77.34],[-68.14,77.38],[-66.94,77.36],[-66.39,77.28],[-66.45,77.39],[-66.27,77.52],[-66.31,77.56],[-66.69,77.68],[-66.82,77.69],[-67.69,77.52],[-68.14,77.53],[-68.62,77.6],[-68.97,77.49],[-69.35,77.47],[-69.98,77.55],[-70.12,77.58],[-70.13,77.64],[-70.32,77.69],[-70.54,77.7],[-70.56,77.72],[-70.11,77.84],[-70.41,77.84],[-70.73,77.79],[-71.27,77.81],[-71.65,77.9],[-72.16,77.96],[-72.79,78.15],[-72.82,78.19],[-72.58,78.28],[-72.71,78.36],[-72.47,78.48],[-71.65,78.62],[-70.91,78.64],[-69.97,78.78],[-68.99,78.86],[-68.92,78.88],[-69.03,78.94],[-68.38,79.04],[-67.35,79.12],[-66.08,79.12],[-65.83,79.17],[-65.42,79.34],[-65.29,79.44],[-65.12,79.59],[-64.79,80.0],[-64.18,80.1],[-64.44,80.14],[-65.81,80.02],[-66.84,80.08],[-67.06,80.12],[-67.2,80.22],[-67.19,80.28],[-67.0,80.41],[-66.37,80.58],[-65.65,80.69],[-64.52,81],[-63.72,81.06],[-63.03,80.89],[-63.24,81.08],[-63.21,81.14],[-62.99,81.21],[-62.3,81.19],[-61.64,81.12],[-61.44,81.13],[-61.16,81.28],[-61.1,81.4],[-61.18,81.63],[-61.24,81.69],[-61.2,81.75],[-60.84,81.86],[-60.43,81.92],[-59.9,81.93],[-59.28,81.88],[-56.86,81.38],[-56.62,81.36],[-56.86,81.46],[-57.85,81.66],[-58.82,81.92],[-59.27,81.98],[-59.26,82.01],[-58.72,82.09],[-57.72,82.17],[-55.55,82.25],[-55.34,82.3],[-54.55,82.35],[-53.99,82.28],[-53.67,82.16],[-53.58,82.06],[-53.6,81.74],[-53.56,81.65],[-53.15,81.8],[-53.04,81.87],[-52.93,82.04],[-53.1,82.12],[-53.11,82.25],[-53.02,82.32],[-52.78,82.32],[-51.75,82.08],[-51.35,82.03],[-50.89,81.9],[-49.54,81.92],[-50.39,82.12],[-50.71,82.24],[-50.94,82.38],[-50.99,82.46],[-50.04,82.47],[-48.86,82.41],[-46.62,82.1],[-45.29,81.83],[-44.73,81.78],[-44.53,81.85],[-44.64,82.1],[-44.55,82.26],[-44.24,82.37],[-44.33,82.47],[-45.56,82.75],[-45.07,82.78],[-42.65,82.74],[-41.88,82.68],[-41.36,82.7],[-41.37,82.75],[-41.43,82.78],[-44.76,82.88],[-46.14,82.86],[-46.48,82.95],[-46.17,83.06],[-45.41,83.02],[-44.66,83.13],[-43.01,83.26],[-42.26,83.23],[-41.3,83.1],[-40.36,83.33],[-38.93,83.18],[-38.28,83.0],[-38.16,83.0],[-38.04,83.05],[-37.93,83.16],[-38.54,83.26],[-38.75,83.33],[-38.75,83.37],[-38.54,83.41],[-38.07,83.41],[-37.72,83.5],[-36.8,83.47],[-36.69,83.48],[-36.61,83.54],[-34.67,83.57],[-33.84,83.53],[-32.98,83.6],[-29.95,83.56]]],[[[-25.43,70.92],[-25.39,70.83],[-25.47,70.78],[-25.35,70.69],[-25.4,70.65],[-25.91,70.57],[-26.22,70.45],[-26.34,70.51],[-26.6,70.55],[-27.9,70.45],[-28.04,70.49],[-27.94,70.62],[-27.81,70.64],[-27.71,70.71],[-27.74,70.79],[-27.71,70.9],[-27.62,70.91],[-27.24,70.87],[-26.62,70.88],[-25.82,71.04],[-25.73,71.04],[-25.43,70.92]]],[[[-18.0,75.41],[-17.89,75.2],[-17.76,75.14],[-17.5,75.15],[-17.39,75.04],[-17.59,74.99],[-18.67,75.0],[-18.89,75.07],[-18.86,75.32],[-18.64,75.39],[-18.45,75.33],[-18.0,75.41]]]]}},{"type":"Feature","id":"FRO","properties":{"name":"Faeroe Is."},"geometry":{"type":"MultiPolygon","coordinates":[[[[-6.62,61.81],[-6.67,61.77],[-6.84,61.84],[-6.88,61.9],[-6.66,61.86],[-6.62,61.81]]],[[[-6.7,61.44],[-6.7,61.42],[-6.89,61.53],[-6.93,61.63],[-6.74,61.57],[-6.7,61.44]]],[[[-7.19,62.14],[-7.07,62.07],[-7.18,62.04],[-7.38,62.07],[-7.42,62.14],[-7.19,62.14]]],[[[-6.63,62.23],[-6.66,62.09],[-6.84,62.12],[-6.73,61.95],[-7.01,62.09],[-7.17,62.29],[-6.96,62.32],[-6.63,62.23]]],[[[-6.41,62.26],[-6.45,62.19],[-6.54,62.21],[-6.55,62.36],[-6.41,62.26]]]]}},{"type":"Feature","id":"DNK","properties":{"name":"Denmark"},"geometry":{"type":"MultiPolygon","coordinates":[[[[12.57,55.79],[12.55,55.66],[12.32,55.59],[12.24,55.54],[12.22,55.47],[12.39,55.39],[12.41,55.29],[12.09,55.19],[12.05,54.82],[11.86,54.77],[11.74,54.92],[11.65,55.19],[11.29,55.2],[11.17,55.33],[11.19,55.47],[11.12,55.6],[11.01,55.64],[10.98,55.72],[11.32,55.75],[11.46,55.88],[11.47,55.94],[11.63,55.96],[11.7,55.91],[11.69,55.73],[11.82,55.7],[11.93,55.9],[11.87,55.97],[12.22,56.12],[12.58,56.06],[12.61,56.03],[12.52,55.92],[12.57,55.79]]],[[[9.74,54.83],[9.62,54.86],[9.25,54.81],[8.9,54.9],[8.67,54.9],[8.64,55.05],[8.57,55.13],[8.67,55.16],[8.62,55.42],[8.13,55.6],[8.2,55.98],[8.12,56.14],[8.16,56.61],[8.55,56.56],[8.67,56.5],[8.74,56.63],[8.89,56.74],[9.07,56.79],[9.2,56.7],[9.25,57.01],[9.11,57.04],[8.99,57.02],[8.77,56.73],[8.47,56.66],[8.27,56.75],[8.28,56.85],[8.43,56.98],[8.62,57.11],[9.43,57.17],[9.55,57.23],[9.96,57.58],[10.26,57.62],[10.61,57.74],[10.48,57.65],[10.44,57.56],[10.54,57.45],[10.52,57.24],[10.3,57.0],[10.28,56.62],[10.49,56.52],[10.85,56.52],[10.93,56.44],[10.86,56.3],[10.75,56.24],[10.54,56.2],[10.43,56.28],[10.32,56.21],[10.18,55.87],[9.9,55.84],[10.02,55.76],[9.59,55.49],[9.67,55.27],[9.45,55.04],[9.65,55.02],[9.73,54.97],[9.71,54.93],[9.74,54.83]]],[[[10.65,55.61],[10.82,55.32],[10.79,55.13],[10.62,55.05],[10.44,55.05],[9.99,55.16],[9.86,55.36],[9.86,55.52],[10.29,55.61],[10.51,55.56],[10.65,55.61]]],[[[11.36,54.89],[11.74,54.81],[11.77,54.68],[11.46,54.63],[11.04,54.77],[11.06,54.94],[11.26,54.95],[11.36,54.89]]],[[[10.73,54.75],[10.69,54.75],[10.62,54.85],[10.95,55.16],[10.73,54.75]]],[[[12.55,54.97],[12.36,54.96],[12.18,54.89],[12.12,54.91],[12.27,55.06],[12.55,54.97]]],[[[12.67,55.6],[12.55,55.56],[12.52,55.61],[12.62,55.68],[12.67,55.6]]],[[[10.48,54.85],[10.34,54.86],[10.2,54.96],[10.48,54.85]]],[[[10.06,54.89],[9.81,54.91],[9.77,55.06],[10.0,54.99],[10.06,54.89]]],[[[10.61,55.78],[10.53,55.78],[10.52,55.96],[10.55,55.99],[10.66,55.88],[10.61,55.78]]],[[[11.05,57.25],[11.01,57.23],[10.87,57.26],[10.93,57.31],[11.09,57.33],[11.17,57.32],[11.05,57.25]]],[[[15.09,55.02],[14.89,55.03],[14.68,55.1],[14.71,55.24],[14.77,55.3],[15.13,55.14],[15.09,55.02]]]]}},{"type":"Feature","id":"CZE","properties":{"name":"Czechia"},"geometry":{"type":"MultiPolygon","coordinates":[[[[18.83,49.51],[18.6,49.49],[18.36,49.34],[18.16,49.26],[18.09,49.07],[17.76,48.89],[17.48,48.83],[17.14,48.84],[16.95,48.6],[16.88,48.7],[16.54,48.8],[16.37,48.74],[16.06,48.75],[15.83,48.86],[15.7,48.86],[15.31,48.97],[15.16,48.95],[14.99,49.0],[14.92,48.77],[14.79,48.75],[14.71,48.67],[14.69,48.6],[14.49,48.63],[14.37,48.58],[14.19,48.58],[14.05,48.6],[13.99,48.69],[13.81,48.77],[13.55,48.96],[13.44,48.96],[13.29,49.1],[13.14,49.16],[12.92,49.33],[12.81,49.33],[12.68,49.41],[12.39,49.74],[12.51,49.9],[12.21,50.1],[12.09,50.3],[12.17,50.29],[12.28,50.18],[12.55,50.39],[12.77,50.43],[12.94,50.41],[13.02,50.49],[13.18,50.51],[13.24,50.58],[13.37,50.62],[13.44,50.6],[13.56,50.7],[14.37,50.9],[14.26,51.0],[14.28,51.03],[14.55,50.99],[14.62,50.91],[14.61,50.86],[14.72,50.81],[14.98,50.89],[14.99,51.01],[15.26,50.96],[15.28,50.88],[15.35,50.81],[15.73,50.74],[15.95,50.67],[16.01,50.61],[16.28,50.66],[16.36,50.62],[16.42,50.57],[16.38,50.52],[16.21,50.42],[16.33,50.37],[16.64,50.1],[16.99,50.24],[16.88,50.43],[17.15,50.38],[17.42,50.25],[17.7,50.31],[17.74,50.23],[17.59,50.16],[17.63,50.12],[17.83,49.98],[18.03,50.04],[18.31,49.91],[18.56,49.88],[18.59,49.76],[18.81,49.61],[18.83,49.51]]]]}},{"type":"Feature","id":"CYN","properties":{"name":"N. Cyprus"},"geometry":{"type":"MultiPolygon","coordinates":[[[[34.0,35.07],[33.87,35.09],[33.68,35.02],[33.53,35.04],[33.48,35.0],[33.46,35.1],[33.38,35.16],[33.19,35.17],[32.92,35.09],[32.71,35.17],[32.88,35.18],[32.94,35.39],[33.31,35.34],[33.61,35.35],[34.06,35.47],[34.56,35.66],[33.94,35.29],[33.91,35.2],[34.0,35.07]]]]}},{"type":"Feature","id":"CYP","properties":{"name":"Cyprus"},"geometry":{"type":"MultiPolygon","coordinates":[[[[32.71,35.17],[32.92,35.09],[33.19,35.17],[33.38,35.16],[33.46,35.1],[33.48,35.0],[33.53,35.04],[33.68,35.02],[33.87,35.09],[34.0,35.07],[34.05,34.99],[33.7,34.97],[33.41,34.75],[33.12,34.7],[33.02,34.64],[33.01,34.57],[32.94,34.58],[32.87,34.66],[32.69,34.65],[32.45,34.73],[32.32,34.95],[32.3,35.08],[32.39,35.05],[32.56,35.16],[32.71,35.17]]]]}},{"type":"Feature","id":"HRV","properties":{"name":"Croatia"},"geometry":{"type":"MultiPolygon","coordinates":[[[[13.58,45.52],[13.62,45.48],[13.88,45.43],[13.99,45.51],[14.37,45.48],[14.57,45.66],[14.79,45.48],[14.95,45.5],[15.24,45.44],[15.34,45.47],[15.28,45.58],[15.35,45.66],[15.28,45.73],[15.65,45.86],[15.68,45.98],[15.67,46.05],[15.6,46.11],[15.61,46.17],[16.0,46.31],[16.07,46.37],[16.23,46.37],[16.24,46.48],[16.32,46.53],[16.75,46.42],[17.31,46.0],[17.61,45.91],[17.81,45.79],[18.36,45.75],[18.53,45.8],[18.67,45.91],[18.91,45.93],[18.89,45.87],[18.84,45.84],[18.95,45.66],[18.92,45.6],[19.06,45.51],[19.01,45.47],[19.0,45.4],[19.33,45.27],[19.4,45.19],[19.21,45.17],[19.14,45.2],[19.13,45.15],[19.06,45.14],[19.09,44.93],[18.94,44.87],[18.79,44.91],[18.75,45.03],[18.66,45.08],[18.0,45.14],[17.81,45.08],[17.65,45.16],[17.5,45.12],[17.13,45.17],[16.92,45.28],[16.79,45.2],[16.53,45.22],[16.29,45.01],[16.03,45.19],[15.89,45.22],[15.79,45.18],[15.74,44.77],[16.1,44.52],[16.21,44.22],[16.3,44.12],[17.08,43.52],[17.27,43.45],[17.29,43.31],[17.65,43.01],[17.64,42.96],[17.59,42.94],[17.13,43.21],[16.9,43.39],[16.39,43.54],[15.99,43.52],[15.94,43.57],[15.94,43.66],[15.5,43.91],[15.19,44.17],[15.12,44.26],[15.47,44.27],[14.98,44.6],[14.9,44.71],[14.91,44.97],[14.85,45.08],[14.55,45.3],[14.31,45.34],[14.24,45.16],[13.97,44.84],[13.86,44.84],[13.63,45.11],[13.52,45.48],[13.58,45.52]]],[[[16.65,43.0],[17.09,42.96],[17.19,42.92],[16.85,42.9],[16.7,42.93],[16.65,43.0]]],[[[17.19,43.13],[16.68,43.12],[16.38,43.21],[16.52,43.23],[16.7,43.17],[17.19,43.13]]],[[[16.79,43.27],[16.42,43.32],[16.45,43.39],[16.6,43.38],[16.83,43.35],[16.89,43.31],[16.79,43.27]]],[[[15.23,44.06],[15.25,44.03],[15.12,44.09],[15.07,44.16],[15.23,44.06]]],[[[14.81,44.98],[14.69,44.96],[14.44,45.1],[14.57,45.22],[14.81,44.98]]],[[[14.83,44.76],[14.86,44.71],[14.66,44.8],[14.69,44.85],[14.75,44.84],[14.83,44.76]]],[[[15.19,44.34],[15.16,44.31],[14.91,44.49],[14.74,44.7],[15.24,44.35],[15.19,44.34]]],[[[15.19,43.92],[15.2,43.9],[15.14,43.91],[14.87,44.17],[15.19,43.92]]],[[[15.37,43.97],[15.44,43.9],[15.37,43.91],[15.27,44.01],[15.37,43.97]]],[[[14.49,44.66],[14.48,44.62],[14.42,44.67],[14.31,44.9],[14.34,45.02],[14.29,45.14],[14.33,45.16],[14.36,45.17],[14.39,45.03],[14.47,44.97],[14.49,44.66]]],[[[17.61,42.77],[17.74,42.7],[17.34,42.79],[17.61,42.77]]],[[[18.44,42.56],[18.52,42.43],[17.82,42.8],[17.58,42.84],[17.05,43.01],[17.22,43.03],[17.72,42.85],[17.67,42.9],[17.8,42.9],[17.84,42.85],[18.12,42.69],[18.44,42.56]]]]}},{"type":"Feature","id":"TCD","properties":{"name":"Chad"},"geometry":{"type":"MultiPolygon","coordinates":[[[[23.98,19.5],[23.97,15.72],[23.6,15.75],[23.11,15.7],[22.93,15.53],[22.97,15.31],[22.93,15.16],[22.76,15.0],[22.68,14.85],[22.67,14.72],[22.47,14.63],[22.38,14.55],[22.45,14.28],[22.54,14.16],[22.17,13.91],[22.11,13.8],[22.22,13.47],[22.23,13.33],[22.16,13.22],[21.99,13.11],[21.83,12.79],[21.93,12.68],[22.23,12.71],[22.35,12.66],[22.41,12.55],[22.39,12.46],[22.47,12.07],[22.56,12.03],[22.58,11.99],[22.56,11.67],[22.59,11.58],[22.78,11.41],[22.92,11.34],[22.94,11.19],[22.86,10.92],[22.49,11.0],[22.16,10.83],[22.04,10.82],[21.96,10.74],[21.77,10.64],[21.71,10.57],[21.73,10.37],[21.68,10.29],[21.53,10.21],[21.4,10.0],[21.26,9.97],[20.77,9.41],[20.34,9.13],[20.07,9.13],[19.67,9.02],[19.15,9.02],[18.96,8.94],[18.89,8.89],[18.89,8.84],[19.11,8.66],[18.91,8.41],[18.63,8.17],[18.56,8.05],[17.65,7.98],[17.25,7.81],[17.12,7.7],[16.89,7.63],[16.78,7.55],[16.59,7.74],[16.55,7.87],[16.4,7.77],[16.38,7.68],[16.03,7.57],[15.96,7.51],[15.85,7.48],[15.48,7.52],[15.55,7.66],[15.55,7.79],[15.44,7.85],[15.12,8.56],[14.33,9.2],[14.0,9.59],[13.98,9.69],[14.24,9.98],[14.84,9.94],[15.13,9.98],[15.54,9.96],[15.65,10.01],[15.28,10.36],[15.13,10.65],[15.03,11.11],[15.06,11.37],[15.12,11.54],[15.08,11.64],[15.08,11.85],[14.88,12.27],[14.85,12.5],[14.76,12.66],[14.54,12.82],[14.52,12.98],[14.46,13.02],[14.06,13.08],[13.61,13.7],[13.45,14.38],[13.64,14.63],[13.81,14.97],[14.37,15.75],[15.47,16.91],[15.74,19.9],[15.96,20.35],[15.59,20.73],[15.54,20.87],[15.61,20.95],[15.18,21.52],[15.17,21.92],[14.98,23.0],[15.98,23.45],[23.98,19.5]]]]}},{"type":"Feature","id":"CPV","properties":{"name":"Cabo Verde"},"geometry":{"type":"MultiPolygon","coordinates":[[[[-25.17,16.95],[-25.31,16.94],[-25.34,17.09],[-25.11,17.19],[-25.03,17.18],[-24.98,17.09],[-25.17,16.95]]],[[[-23.44,15.01],[-23.5,14.92],[-23.71,14.96],[-23.79,15.08],[-23.75,15.33],[-23.44,15.01]]],[[[-24.89,16.82],[-25.02,16.8],[-25.09,16.83],[-24.94,16.92],[-24.89,16.82]]],[[[-22.92,16.24],[-22.75,16.22],[-22.69,16.17],[-22.71,16.04],[-22.82,15.99],[-22.96,16.05],[-22.92,16.24]]],[[[-24.31,14.86],[-24.39,14.82],[-24.44,14.83],[-24.52,14.93],[-24.5,14.98],[-24.39,15.04],[-24.33,15.02],[-24.31,14.86]]],[[[-24.09,16.62],[-24.03,16.57],[-24.24,16.6],[-24.32,16.49],[-24.4,16.62],[-24.38,16.68],[-24.09,16.62]]],[[[-22.89,16.66],[-22.92,16.61],[-22.98,16.7],[-22.99,16.81],[-22.93,16.84],[-22.9,16.84],[-22.89,16.66]]],[[[-23.18,15.14],[-23.25,15.18],[-23.21,15.32],[-23.14,15.32],[-23.12,15.27],[-23.12,15.17],[-23.18,15.14]]]]}},{"type":"Feature","id":"CMR","properties":{"name":"Cameroon"},"geometry":{"type":"MultiPolygon","coordinates":[[[[8.56,4.76],[8.8,5.2],[9.0,5.92],[9.37,6.32],[9.66,6.53],[9.78,6.76],[10.14,7.0],[10.21,6.89],[10.48,6.89],[10.56,7.04],[10.61,7.06],[11.01,6.74],[11.11,6.46],[11.24,6.45],[11.48,6.6],[11.55,6.7],[11.58,6.89],[11.86,7.12],[11.77,7.27],[12.02,7.59],[12.03,7.73],[12.16,7.94],[12.23,8.28],[12.4,8.6],[12.58,8.62],[12.78,8.82],[12.93,9.43],[13.2,9.56],[13.27,10.04],[13.41,10.17],[13.54,10.61],[13.7,10.87],[13.98,11.21],[14.2,11.27],[14.56,11.49],[14.62,12.15],[14.52,12.3],[14.2,12.38],[14.06,13.08],[14.46,13.02],[14.52,12.98],[14.54,12.82],[14.76,12.66],[14.85,12.5],[14.88,12.27],[15.08,11.85],[15.08,11.64],[15.12,11.54],[15.06,11.37],[15.03,11.11],[15.13,10.65],[15.28,10.36],[15.65,10.01],[15.54,9.96],[15.13,9.98],[14.84,9.94],[14.24,9.98],[13.98,9.69],[14.0,9.59],[14.33,9.2],[15.12,8.56],[15.44,7.85],[15.55,7.79],[15.56,7.74],[15.53,7.6],[15.38,7.36],[15.21,7.21],[15.03,6.78],[14.86,6.56],[14.76,6.32],[14.51,6.16],[14.43,6.04],[14.5,5.92],[14.58,5.92],[14.62,5.87],[14.62,5.5],[14.56,5.28],[14.64,5.18],[14.71,4.67],[14.77,4.56],[15.02,4.36],[15.06,4.28],[15.14,4.07],[15.12,4.02],[15.03,4.02],[15.06,3.95],[15.13,3.83],[15.78,3.13],[15.9,3.1],[16.06,2.91],[16.11,2.47],[16.18,2.27],[16.18,2.2],[16.08,2.11],[16.07,2.02],[16.14,1.72],[16.06,1.68],[15.74,1.91],[15.6,1.95],[15.34,1.94],[15.16,2.04],[15.1,2.0],[14.9,2.01],[14.88,2.08],[14.76,2.08],[14.58,2.2],[14.48,2.15],[13.29,2.16],[13.22,2.26],[11.56,2.3],[11.35,2.3],[11.33,2.17],[9.98,2.17],[9.87,2.21],[9.8,2.3],[9.89,2.92],[9.95,3.08],[9.92,3.24],[9.67,3.54],[9.77,3.62],[9.64,3.61],[9.56,3.8],[9.63,3.87],[9.74,3.85],[9.64,3.97],[9.69,4.06],[9.55,4.03],[9.48,4.07],[9.5,4.0],[9.43,3.92],[9.31,3.94],[9.0,4.09],[8.91,4.36],[8.92,4.55],[8.76,4.58],[8.66,4.67],[8.69,4.55],[8.66,4.52],[8.57,4.53],[8.53,4.61],[8.56,4.76]]]]}},{"type":"Feature","id":"BFA","properties":{"name":"Burkina Faso"},"geometry":{"type":"MultiPolygon","coordinates":[[[[0.9,10.99],[0.49,10.95],[0.48,10.99],[-0.3,11.17],[-0.35,11.09],[-0.43,11.09],[-0.49,11.01],[-0.63,10.93],[-0.7,10.99],[-1.04,11.01],[-2.83,11.0],[-2.91,10.59],[-2.79,10.4],[-2.82,10.36],[-2.77,10.24],[-2.75,9.8],[-2.78,9.75],[-2.7,9.48],[-2.77,9.42],[-2.82,9.43],[-2.99,9.69],[-3.22,9.9],[-3.79,9.92],[-4.27,9.74],[-4.33,9.65],[-4.41,9.65],[-4.53,9.72],[-4.63,9.71],[-4.97,9.93],[-5.1,10.24],[-5.26,10.32],[-5.38,10.31],[-5.52,10.43],[-5.46,10.77],[-5.49,11.04],[-5.35,11.13],[-5.25,11.38],[-5.23,11.52],[-5.29,11.68],[-5.29,11.83],[-5.11,11.97],[-4.7,12.08],[-4.43,12.34],[-4.42,12.58],[-4.48,12.67],[-4.23,12.79],[-4.23,12.88],[-4.33,13.12],[-4.15,13.31],[-4.05,13.38],[-3.95,13.4],[-3.53,13.18],[-3.3,13.28],[-3.25,13.66],[-2.95,13.65],[-2.92,13.68],[-2.93,13.79],[-2.87,13.95],[-2.59,14.23],[-2.46,14.27],[-2.11,14.17],[-2.06,14.19],[-1.97,14.46],[-1.7,14.51],[-1.05,14.82],[-0.76,15.05],[-0.67,15.07],[-0.54,15.08],[-0.41,15.01],[-0.24,15.06],[0.22,14.91],[0.16,14.5],[0.38,14.25],[0.35,14.14],[0.43,13.97],[0.62,13.7],[0.9,13.61],[1.02,13.47],[1.2,13.36],[1.17,13.33],[0.99,13.36],[0.99,13.04],[1.1,13.0],[1.56,12.64],[1.79,12.61],[1.96,12.71],[2.07,12.71],[2.21,12.54],[2.22,12.43],[2.06,12.36],[2.39,11.9],[2.29,11.69],[1.98,11.42],[1.86,11.44],[1.6,11.4],[1.56,11.45],[1.43,11.45],[1.32,11.3],[1.15,11.25],[1.08,11.08],[0.99,11.08],[0.9,10.99]]]]}},{"type":"Feature","id":"BGR","properties":{"name":"Bulgaria"},"geometry":{"type":"MultiPolygon","coordinates":[[[[28.01,41.97],[27.88,41.99],[27.53,41.92],[27.24,42.09],[27.01,42.06],[26.88,41.99],[26.62,41.96],[26.51,41.83],[26.36,41.8],[26.32,41.72],[26.11,41.73],[26.07,41.67],[26.14,41.52],[26.14,41.39],[25.92,41.31],[25.78,41.33],[25.25,41.24],[24.99,41.36],[24.85,41.39],[24.77,41.36],[24.6,41.44],[24.49,41.56],[24.39,41.52],[24.06,41.53],[24.01,41.46],[23.64,41.39],[23.24,41.38],[23.16,41.32],[22.92,41.34],[23.0,41.74],[22.94,41.78],[22.84,41.99],[22.58,42.1],[22.34,42.31],[22.42,42.33],[22.52,42.44],[22.52,42.5],[22.44,42.63],[22.47,42.84],[22.71,42.88],[22.94,43.1],[22.98,43.19],[22.5,43.52],[22.37,43.78],[22.4,43.97],[22.6,44.08],[22.63,44.19],[22.71,44.24],[23.03,44.08],[22.87,43.95],[22.87,43.86],[22.92,43.83],[23.22,43.87],[24.23,43.76],[24.43,43.79],[25.5,43.67],[25.82,43.77],[25.93,43.87],[26.22,44.01],[26.49,44.08],[27.09,44.17],[27.43,44.02],[27.67,44.0],[27.74,43.96],[27.88,43.99],[28.05,43.82],[28.22,43.77],[28.59,43.74],[28.56,43.5],[28.47,43.39],[28.32,43.43],[28.13,43.4],[27.93,43.19],[27.89,42.75],[27.75,42.71],[27.48,42.47],[27.71,42.35],[28.01,41.97]]]]}},{"type":"Feature","id":"BIH","properties":{"name":"Bosnia and Herz."},"geometry":{"type":"MultiPolygon","coordinates":[[[[19.35,44.88],[19.29,44.7],[19.15,44.53],[19.12,44.36],[19.15,44.3],[19.34,44.23],[19.58,44.04],[19.55,43.99],[19.25,43.97],[19.49,43.7],[19.48,43.6],[19.45,43.56],[19.3,43.59],[19.19,43.53],[18.95,43.53],[19.04,43.36],[19.03,43.29],[18.85,43.35],[18.67,43.23],[18.62,43.12],[18.62,43.03],[18.49,43.01],[18.44,42.97],[18.47,42.78],[18.55,42.64],[18.44,42.56],[18.12,42.69],[17.84,42.85],[17.8,42.9],[17.67,42.9],[17.59,42.94],[17.64,42.96],[17.65,43.01],[17.29,43.31],[17.27,43.45],[17.08,43.52],[16.3,44.12],[16.21,44.22],[16.1,44.52],[15.74,44.77],[15.79,45.18],[15.82,45.2],[16.03,45.19],[16.29,45.01],[16.53,45.22],[16.79,45.2],[16.92,45.28],[17.13,45.17],[17.5,45.12],[17.65,45.16],[17.81,45.08],[18.0,45.14],[18.66,45.08],[18.75,45.03],[18.84,44.88],[19.04,44.87],[19.24,44.91],[19.35,44.88]]]]}},{"type":"Feature","id":"BEN","properties":{"name":"Benin"},"geometry":{"type":"MultiPolygon","coordinates":[[[[1.62,6.22],[1.61,6.25],[1.78,6.29],[1.74,6.43],[1.6,6.61],[1.58,6.88],[1.53,6.99],[1.62,7.0],[1.6,9.05],[1.39,9.36],[1.33,10.0],[0.78,10.36],[0.79,10.71],[0.9,10.99],[0.99,11.08],[1.08,11.08],[1.15,11.25],[1.32,11.3],[1.43,11.45],[1.56,11.45],[1.6,11.4],[1.86,11.44],[1.98,11.42],[2.23,11.63],[2.36,11.84],[2.41,12.0],[2.37,12.22],[2.65,12.3],[2.81,12.38],[2.88,12.37],[3.3,11.93],[3.45,11.85],[3.6,11.7],[3.49,11.5],[3.49,11.4],[3.72,11.08],[3.76,10.77],[3.83,10.61],[3.77,10.42],[3.65,10.41],[3.58,10.29],[3.65,10.16],[3.56,9.91],[3.35,9.81],[3.33,9.67],[3.14,9.45],[3.15,9.32],[3.04,9.08],[2.77,9.05],[2.69,7.87],[2.72,7.62],[2.79,7.48],[2.72,6.98],[2.77,6.71],[2.71,6.37],[1.62,6.22]]]]}},{"type":"Feature","id":"BEL","properties":{"name":"Belgium"},"geometry":{"type":"MultiPolygon","coordinates":[[[[4.23,51.39],[4.37,51.36],[4.4,51.37],[4.38,51.43],[4.5,51.47],[4.63,51.42],[4.76,51.49],[4.85,51.4],[4.94,51.41],[5.03,51.47],[5.1,51.35],[5.21,51.28],[5.48,51.29],[5.83,51.13],[5.75,50.95],[5.64,50.84],[5.75,50.76],[5.99,50.75],[6.24,50.6],[6.18,50.52],[6.34,50.45],[6.36,50.32],[6.18,50.23],[6.12,50.12],[5.98,50.17],[5.74,49.92],[5.72,49.81],[5.88,49.64],[5.82,49.55],[5.51,49.51],[5.28,49.68],[5.01,49.78],[4.87,49.79],[4.84,49.91],[4.79,49.96],[4.86,50.14],[4.82,50.15],[4.71,50.1],[4.66,50.0],[4.55,49.96],[4.18,49.96],[4.14,50],[4.19,50.09],[4.14,50.14],[4.17,50.25],[3.95,50.34],[3.75,50.34],[3.69,50.31],[3.6,50.48],[3.27,50.53],[3.23,50.66],[3.11,50.78],[2.84,50.71],[2.6,50.88],[2.6,50.96],[2.52,51.1],[3.23,51.35],[3.35,51.38],[3.43,51.25],[3.58,51.29],[3.9,51.21],[4.17,51.31],[4.23,51.39]]]]}},{"type":"Feature","id":"BLR","properties":{"name":"Belarus"},"geometry":{"type":"MultiPolygon","coordinates":[[[[31.76,52.1],[31.35,52.11],[31.22,52.05],[31.08,52.08],[30.76,51.9],[30.53,51.6],[30.63,51.36],[30.54,51.27],[30.33,51.33],[30.31,51.4],[30.16,51.48],[29.55,51.43],[29.35,51.38],[29.1,51.63],[28.85,51.54],[28.73,51.43],[28.65,51.46],[28.6,51.54],[28.18,51.61],[28.01,51.56],[27.86,51.59],[27.7,51.48],[27.69,51.57],[27.3,51.6],[27.14,51.75],[26.77,51.77],[25.79,51.92],[25.07,51.93],[24.36,51.87],[24.28,51.77],[23.98,51.59],[23.71,51.64],[23.61,51.61],[23.61,51.52],[23.54,51.62],[23.54,51.71],[23.63,51.81],[23.61,51.88],[23.65,52.04],[23.6,52.1],[23.18,52.29],[23.41,52.52],[23.84,52.66],[23.9,52.7],[23.92,52.77],[23.86,53.11],[23.6,53.6],[23.48,53.94],[23.73,53.91],[24.19,53.95],[24.32,53.89],[24.62,53.98],[24.77,53.97],[24.87,54.15],[25.05,54.13],[25.18,54.21],[25.46,54.29],[25.53,54.22],[25.51,54.16],[25.75,54.16],[25.75,54.26],[25.55,54.33],[25.72,54.56],[25.72,54.72],[25.86,54.92],[26.18,55.0],[26.29,55.14],[26.6,55.13],[26.65,55.2],[26.78,55.27],[26.46,55.34],[26.59,55.67],[26.82,55.71],[26.95,55.81],[27.05,55.83],[27.58,55.8],[27.64,55.91],[27.9,56.08],[28.12,56.15],[28.28,56.06],[28.56,56.09],[28.79,55.94],[29.03,56.02],[29.38,55.94],[29.4,55.88],[29.35,55.78],[29.48,55.68],[29.94,55.85],[30.23,55.85],[30.46,55.79],[30.63,55.67],[30.91,55.57],[30.9,55.4],[30.81,55.31],[30.96,55.14],[30.98,55.05],[30.83,54.91],[30.8,54.78],[31.15,54.63],[31.07,54.49],[31.18,54.45],[31.4,54.2],[31.83,54.03],[31.83,53.94],[31.75,53.81],[32.2,53.78],[32.45,53.69],[32.43,53.62],[32.47,53.55],[32.71,53.42],[32.7,53.34],[32.47,53.27],[32.43,53.21],[32.14,53.09],[31.85,53.11],[31.67,53.2],[31.42,53.2],[31.26,53.02],[31.56,52.76],[31.52,52.7],[31.53,52.63],[31.62,52.55],[31.59,52.53],[31.58,52.31],[31.76,52.1]]]]}},{"type":"Feature","id":"BHR","properties":{"name":"Bahrain"},"geometry":{"type":"MultiPolygon","coordinates":[[[[50.61,25.88],[50.57,25.81],[50.47,25.97],[50.47,26.23],[50.59,26.24],[50.56,26.2],[50.61,26.12],[50.61,25.88]]]]}},{"type":"Feature","id":"AZE","properties":{"name":"Azerbaijan"},"geometry":{"type":"MultiPolygon","coordinates":[[[[44.82,39.65],[44.77,39.7],[45.03,39.77],[45.12,39.7],[45.17,39.57],[45.25,39.6],[45.46,39.49],[45.69,39.56],[45.78,39.55],[45.77,39.38],[45.98,39.24],[45.95,39.18],[46.11,38.88],[45.48,39.01],[45.14,39.25],[44.82,39.65]]],[[[48.87,38.44],[48.59,38.41],[48.42,38.59],[48.31,38.61],[48.2,38.72],[48.0,38.85],[48.05,38.94],[48.29,39.02],[48.27,39.1],[48.13,39.17],[48.1,39.24],[48.14,39.31],[48.32,39.4],[48.0,39.68],[47.77,39.65],[47.48,39.5],[47.19,39.34],[46.99,39.18],[46.85,39.15],[46.55,38.9],[46.49,38.91],[46.49,39.07],[46.4,39.19],[46.58,39.22],[46.37,39.4],[46.48,39.48],[46.48,39.56],[46.32,39.62],[46.2,39.59],[45.79,39.88],[45.58,39.98],[45.63,40.01],[45.89,40.02],[45.96,40.23],[45.57,40.42],[45.45,40.53],[45.38,40.67],[45.58,40.8],[45.59,40.85],[45.42,40.99],[45.07,41.08],[45.19,41.15],[45.08,41.2],[45.0,41.29],[45.28,41.45],[45.72,41.34],[45.7,41.29],[45.73,41.26],[45.92,41.19],[46.17,41.2],[46.43,41.08],[46.53,41.09],[46.63,41.16],[46.67,41.29],[46.31,41.51],[46.18,41.66],[46.2,41.74],[46.3,41.76],[46.43,41.89],[46.54,41.87],[46.57,41.8],[46.75,41.81],[47.14,41.52],[47.26,41.32],[47.32,41.28],[47.79,41.2],[47.86,41.21],[48.06,41.46],[48.39,41.6],[48.57,41.84],[48.66,41.79],[49.05,41.37],[49.23,41.03],[49.46,40.8],[49.78,40.58],[49.99,40.58],[50.18,40.5],[50.31,40.41],[50.37,40.28],[50.14,40.32],[49.92,40.32],[49.55,40.19],[49.48,40.09],[49.32,39.61],[49.36,39.35],[49.27,39.29],[49.17,39.03],[49.12,39.0],[49.11,39.08],[49.01,39.13],[48.85,38.84],[48.87,38.44]],[[45.55,40.62],[45.53,40.66],[45.48,40.65],[45.48,40.61],[45.55,40.62]]],[[[45.02,41.03],[44.97,41.03],[44.96,41.08],[45.02,41.08],[45.02,41.03]]]]}},{"type":"Feature","id":"AUT","properties":{"name":"Austria"},"geometry":{"type":"MultiPolygon","coordinates":[[[[9.53,47.27],[9.63,47.47],[9.52,47.52],[9.65,47.53],[9.75,47.58],[9.97,47.51],[10.06,47.45],[10.07,47.39],[10.2,47.36],[10.18,47.28],[10.37,47.37],[10.44,47.55],[10.87,47.52],[10.98,47.4],[11.04,47.39],[11.3,47.42],[11.72,47.58],[12.19,47.62],[12.21,47.72],[12.48,47.64],[12.69,47.67],[12.77,47.64],[12.81,47.54],[13.01,47.48],[13.05,47.66],[13.03,47.7],[12.9,47.72],[12.95,47.81],[12.95,47.89],[12.76,48.08],[12.81,48.16],[13.37,48.36],[13.49,48.58],[13.68,48.52],[13.72,48.54],[13.79,48.59],[13.81,48.77],[13.99,48.69],[14.05,48.6],[14.37,48.58],[14.49,48.63],[14.69,48.6],[14.71,48.67],[14.79,48.75],[14.92,48.77],[14.99,49.0],[15.16,48.95],[15.31,48.97],[15.7,48.86],[15.83,48.86],[16.06,48.75],[16.37,48.74],[16.54,48.8],[16.88,48.7],[16.95,48.6],[16.87,48.39],[17.09,48.04],[17.15,48.01],[17.03,47.84],[17.07,47.71],[16.79,47.68],[16.59,47.75],[16.42,47.67],[16.64,47.61],[16.68,47.54],[16.62,47.45],[16.44,47.4],[16.46,47.27],[16.42,47.22],[16.44,47.15],[16.49,47.12],[16.46,47.02],[16.25,46.97],[16.04,46.84],[15.98,46.8],[15.96,46.68],[15.77,46.71],[15.44,46.63],[14.89,46.61],[14.55,46.4],[12.48,46.67],[12.39,46.7],[12.15,46.94],[12.13,46.98],[12.2,47.06],[12.17,47.08],[11.78,46.99],[11.24,46.98],[11.13,46.94],[11.03,46.8],[10.93,46.77],[10.76,46.79],[10.69,46.85],[10.45,46.86],[10.41,46.96],[10.35,46.98],[10.13,46.85],[9.88,46.94],[9.85,47.01],[9.58,47.06],[9.61,47.11],[9.53,47.27]]]]}},{"type":"Feature","id":"ARM","properties":{"name":"Armenia"},"geometry":{"type":"MultiPolygon","coordinates":[[[[44.77,39.7],[44.56,39.89],[44.29,40.04],[44.01,40.01],[43.67,40.13],[43.71,40.17],[43.57,40.48],[43.67,40.57],[43.72,40.72],[43.63,40.93],[43.44,41.11],[44.23,41.21],[44.84,41.21],[44.81,41.26],[45.0,41.29],[45.08,41.2],[45.19,41.15],[45.07,41.08],[45.42,40.99],[45.59,40.85],[45.58,40.8],[45.4,40.71],[45.38,40.64],[45.57,40.42],[45.96,40.23],[45.97,40.17],[45.89,40.02],[45.63,40.01],[45.58,39.98],[45.79,39.88],[46.2,39.59],[46.32,39.62],[46.48,39.56],[46.48,39.48],[46.37,39.4],[46.58,39.22],[46.4,39.19],[46.49,39.07],[46.49,38.91],[46.11,38.88],[45.95,39.18],[45.98,39.24],[45.77,39.38],[45.8,39.49],[45.75,39.56],[45.46,39.49],[45.25,39.6],[45.15,39.58],[45.12,39.7],[45.03,39.77],[44.77,39.7]],[[45.02,41.03],[45.02,41.08],[44.96,41.08],[44.97,41.03],[45.02,41.03]]],[[[45.55,40.62],[45.48,40.61],[45.48,40.65],[45.53,40.66],[45.55,40.62]]]]}},{"type":"Feature","id":"AND","properties":{"name":"Andorra"},"geometry":{"type":"MultiPolygon","coordinates":[[[[1.71,42.5],[1.45,42.44],[1.41,42.55],[1.46,42.62],[1.57,42.64],[1.71,42.6],[1.74,42.56],[1.71,42.5]]]]}},{"type":"Feature","id":"DZA","properties":{"name":"Algeria"},"geometry":{"type":"MultiPolygon","coordinates":[[[[8.58,36.94],[8.6,36.83],[8.44,36.76],[8.37,36.63],[8.21,36.52],[8.3,36.46],[8.35,36.37],[8.25,35.8],[8.32,35.65],[8.32,35.4],[8.39,35.2],[8.28,34.98],[8.25,34.73],[8.12,34.56],[7.84,34.41],[7.75,34.25],[7.51,34.08],[7.5,33.83],[7.73,33.27],[8.11,33.06],[8.21,32.93],[8.33,32.54],[9.04,32.07],[9.52,30.23],[9.31,30.12],[9.64,29.64],[9.81,29.18],[9.84,28.97],[9.82,28.56],[9.92,27.79],[9.75,27.33],[9.8,27.04],[9.89,26.85],[9.88,26.63],[9.86,26.55],[9.49,26.33],[9.42,26.15],[9.45,26.07],[10.0,25.33],[10.03,25.05],[10.12,24.79],[10.26,24.59],[10.4,24.49],[10.69,24.55],[11.51,24.31],[11.97,23.52],[7.48,20.87],[5.84,19.48],[5.75,19.43],[3.4,18.99],[3.26,19.01],[3.12,19.1],[3.11,19.15],[3.26,19.41],[3.2,19.56],[3.2,19.79],[3.13,19.85],[2.87,19.96],[2.41,20.06],[2.22,20.25],[1.93,20.27],[1.75,20.33],[1.69,20.38],[1.61,20.56],[1.29,20.71],[1.17,20.82],[1.15,21.1],[-4.52,24.8],[-8.68,27.29],[-8.68,28.69],[-8.27,28.98],[-7.69,29.35],[-7.49,29.39],[-7.14,29.62],[-6.64,29.57],[-6.52,29.66],[-6.48,29.82],[-6.0,29.83],[-5.45,29.96],[-5.18,30.17],[-4.97,30.47],[-4.32,30.7],[-3.99,30.91],[-3.67,30.96],[-3.62,31.07],[-3.83,31.2],[-3.79,31.36],[-3.85,31.62],[-3.77,31.69],[-3.44,31.7],[-3.02,31.83],[-2.93,32.04],[-2.86,32.07],[-2.45,32.13],[-1.23,32.11],[-1.26,32.27],[-1.24,32.34],[-1.07,32.47],[-1.11,32.55],[-1.45,32.78],[-1.68,33.32],[-1.63,33.57],[-1.71,33.78],[-1.71,34.18],[-1.79,34.37],[-1.73,34.47],[-1.85,34.61],[-1.8,34.75],[-2.13,34.97],[-2.22,35.1],[-1.91,35.09],[-1.67,35.18],[-1.34,35.36],[-1.09,35.58],[-0.43,35.86],[-0.05,35.83],[0.05,35.9],[0.15,36.06],[0.31,36.16],[0.97,36.44],[1.26,36.52],[2.59,36.6],[2.97,36.78],[3.52,36.8],[3.78,36.9],[4.76,36.9],[5.3,36.65],[5.73,36.8],[6.06,36.86],[6.25,36.94],[6.33,37.05],[6.49,37.09],[6.58,37.0],[6.93,36.92],[7.24,36.97],[7.2,37.09],[7.43,37.06],[7.91,36.86],[8.13,36.91],[8.58,36.94]]]]}},{"type":"Feature","id":"ALB","properties":{"name":"Albania"},"geometry":{"type":"MultiPolygon","coordinates":[[[[19.34,41.87],[19.36,42.07],[19.28,42.17],[19.7,42.65],[19.79,42.48],[20.06,42.55],[20.24,42.34],[20.41,42.27],[20.52,42.17],[20.58,41.92],[20.51,41.71],[20.52,41.57],[20.45,41.52],[20.49,41.27],[20.57,41.13],[20.66,41.06],[20.71,40.93],[20.93,40.9],[21.03,40.62],[20.95,40.49],[20.81,40.45],[20.66,40.12],[20.41,40.05],[20.31,39.98],[20.38,39.8],[20.31,39.8],[20.27,39.7],[20.21,39.65],[20.0,39.71],[19.96,39.87],[19.85,40.04],[19.48,40.21],[19.32,40.41],[19.44,40.38],[19.46,40.41],[19.34,40.66],[19.46,40.93],[19.48,41.24],[19.44,41.42],[19.5,41.56],[19.58,41.64],[19.58,41.79],[19.47,41.86],[19.34,41.87]]]]}},{"type":"Feature","id":"AFG","properties":{"name":"Afghanistan"},"geometry":{"type":"MultiPolygon","coordinates":[[[[66.52,37.35],[66.83,37.37],[67.07,37.33],[67.2,37.24],[67.32,37.21],[67.52,37.27],[67.7,37.23],[67.83,37.06],[67.96,36.97],[68.07,36.95],[68.26,37.01],[68.3,37.09],[68.39,37.14],[68.67,37.26],[68.82,37.27],[68.91,37.33],[69.26,37.11],[69.3,37.12],[69.41,37.21],[69.4,37.4],[69.42,37.49],[69.49,37.55],[69.82,37.61],[70.04,37.55],[70.19,37.58],[70.25,37.66],[70.21,37.92],[70.42,38.08],[70.62,38.33],[70.74,38.42],[70.88,38.46],[71.05,38.42],[71.26,38.31],[71.33,38.17],[71.28,37.92],[71.58,37.91],[71.43,37.13],[71.53,36.85],[71.6,36.73],[71.67,36.7],[71.8,36.69],[72.36,36.98],[72.66,37.03],[72.76,37.17],[72.9,37.27],[73.38,37.46],[73.72,37.42],[73.72,37.33],[73.63,37.26],[73.65,37.24],[74.17,37.33],[74.26,37.42],[74.35,37.42],[74.66,37.39],[74.89,37.23],[74.77,37.25],[74.73,37.29],[74.37,37.16],[74.54,37.02],[74.04,36.83],[73.77,36.89],[73.12,36.87],[72.62,36.83],[72.25,36.73],[71.77,36.43],[71.62,36.44],[71.23,36.12],[71.19,36.04],[71.4,35.88],[71.57,35.55],[71.6,35.41],[71.55,35.29],[71.62,35.18],[71.46,34.97],[71.29,34.87],[70.97,34.53],[71.1,34.37],[71.09,34.12],[71.05,34.05],[70.65,33.95],[70.33,33.96],[69.99,34.05],[69.89,34.01],[69.87,33.9],[70.13,33.62],[70.28,33.37],[70.26,33.29],[69.92,33.11],[69.7,33.09],[69.5,33.02],[69.41,32.68],[69.24,32.43],[69.28,31.94],[69.08,31.74],[68.87,31.63],[68.78,31.65],[68.6,31.8],[68.44,31.75],[68.16,31.8],[68.02,31.68],[67.58,31.51],[67.74,31.34],[67.45,31.23],[67.29,31.22],[66.92,31.31],[66.83,31.26],[66.6,31.02],[66.4,30.91],[66.35,30.8],[66.29,30.61],[66.31,30.32],[66.24,30.11],[66.31,29.97],[66.18,29.84],[65.1,29.56],[64.39,29.54],[64.17,29.46],[64.1,29.39],[63.57,29.5],[62.48,29.41],[60.84,29.86],[61.78,30.83],[61.81,30.91],[61.81,31.07],[61.76,31.29],[61.66,31.38],[60.82,31.5],[60.79,31.88],[60.83,32.25],[60.56,33.06],[60.56,33.14],[60.92,33.51],[60.91,33.54],[60.65,33.56],[60.51,33.64],[60.49,33.71],[60.53,33.84],[60.49,34.09],[60.64,34.31],[60.89,34.32],[60.73,34.52],[60.95,34.65],[61.08,34.86],[61.07,34.92],[61.15,35.09],[61.1,35.27],[61.19,35.31],[61.28,35.51],[61.26,35.62],[61.34,35.63],[61.62,35.43],[61.98,35.44],[62.21,35.29],[62.31,35.17],[62.46,35.25],[62.69,35.26],[63.06,35.45],[63.08,35.57],[63.17,35.68],[63.11,35.82],[63.13,35.85],[63.3,35.86],[63.86,36.01],[64.01,36.01],[64.09,36.11],[64.36,36.23],[64.51,36.34],[64.82,37.13],[65.09,37.24],[65.55,37.25],[65.64,37.47],[65.77,37.57],[66.11,37.41],[66.52,37.35]]]]}}]}